Lead_ID,Opp_ID,Account_ID,Order_ID,Email ID,Organisation,Revenue
LE-649-64477,OP-623-96308,LE-649-64477,OR-561-92227,mnern0@qq.com,Lang-Frami,5809
LE-624-41567,OP-399-11979,LE-624-41567,OR-034-44574,fpannaman1@twitter.com,Mohr and Sons,2394
LE-545-64581,OP-519-82920,LE-545-64581,OR-822-98693,enorres2@hostgator.com,"Hodkiewicz, King and Herman",7054
LE-732-31829,OP-741-18581,LE-732-31829,OR-805-86401,cwillwood3@npr.org,Gorczany-Paucek,4893
LE-105-96425,OP-601-86491,LE-105-96425,OR-501-60955,lnewland4@sphinn.com,"Leannon, Wolff and Considine",1655
LE-329-84674,OP-880-37727,LE-329-84674,OR-050-57590,benrrico5@barnesandnoble.com,Glover-Ferry,5009
LE-902-37367,OP-536-98285,LE-902-37367,OR-251-97436,kbillingsly6@diigo.com,Wilderman LLC,5952
LE-424-04805,OP-494-77902,LE-424-04805,OR-050-80482,ddannohl7@ed.gov,Greenfelder-Roob,4775
LE-145-52952,OP-620-00251,LE-145-52952,OR-131-14571,cholton8@pcworld.com,Gutmann and Sons,4935
LE-472-97423,OP-185-36300,LE-472-97423,OR-240-27414,kpursglove9@about.me,Larkin and Sons,5985
LE-111-93864,OP-909-71106,LE-111-93864,OR-724-79215,ameadsa@google.it,Cartwright-Nicolas,7108
LE-975-14844,OP-057-58881,LE-975-14844,OR-321-73740,nderrickb@reference.com,Sawayn-Johnson,5380
LE-919-49056,OP-299-31822,LE-919-49056,OR-219-22446,rrothermelc@reddit.com,Conroy Inc,5485
LE-005-78221,OP-655-64511,LE-005-78221,OR-054-50089,rbernadzkid@dell.com,Greenholt Inc,8056
LE-013-51538,OP-512-43854,LE-013-51538,OR-555-16520,csweatlande@miibeian.gov.cn,"Kirlin, Morar and D'Amore",7275
LE-067-43561,OP-099-36134,LE-067-43561,OR-418-99600,yleslyf@cbslocal.com,Ratke-Sporer,7470
LE-901-85325,OP-694-63575,LE-901-85325,OR-343-80660,olinting@barnesandnoble.com,"Carter, Glover and Russel",3880
LE-609-90176,OP-426-08942,LE-609-90176,OR-006-83302,ebullickh@springer.com,"Hauck, Muller and Hickle",8158
LE-160-94957,OP-701-60440,LE-160-94957,OR-657-29055,pdovermanni@un.org,Hartmann-Schiller,8017
LE-866-93731,OP-106-57458,LE-866-93731,OR-691-66327,bbelleej@ucsd.edu,"Gorczany, Kilback and Weissnat",10625
LE-527-68484,OP-573-65066,LE-527-68484,OR-843-55934,kgoulbornk@pcworld.com,"Nicolas, Cormier and Larson",7024
LE-520-31489,OP-190-88624,LE-520-31489,OR-462-10976,cfairlambl@theguardian.com,"Daniel, Legros and Kuhic",6811
LE-546-37664,OP-203-25228,LE-546-37664,OR-673-65404,amalserm@privacy.gov.au,"Fahey, Beier and Walker",3468
LE-989-94065,OP-167-28753,LE-989-94065,OR-967-34653,rbaiken@aol.com,Doyle-Deckow,4434
LE-999-57359,OP-396-33882,LE-999-57359,OR-531-36058,yatleyo@ucla.edu,Kiehn-Jaskolski,6129
LE-420-65831,OP-550-02479,LE-420-65831,OR-566-30642,ecarbryp@dot.gov,Aufderhar Group,6762
LE-510-97463,OP-326-78886,LE-510-97463,OR-028-14990,ncanonq@rediff.com,Stokes LLC,5332
LE-343-39852,OP-134-15669,LE-343-39852,OR-651-54851,jmullineuxr@amazon.co.jp,Medhurst-Swaniawski,10300
LE-002-93531,OP-855-54733,LE-002-93531,OR-741-16671,oconichies@tripadvisor.com,Kris LLC,3498
LE-495-57510,OP-477-96962,LE-495-57510,OR-453-98423,jstellet@auda.org.au,"Mante, Mueller and Kohler",8696
LE-411-89917,OP-919-88418,LE-411-89917,OR-395-30908,amenelawsu@ifeng.com,Ziemann-Roberts,8400
LE-209-71476,OP-545-39039,LE-209-71476,OR-574-68638,mpolinov@moonfruit.com,O'Connell Group,5389
LE-869-87060,OP-462-95865,LE-869-87060,OR-501-01767,klaniganw@indiatimes.com,"Halvorson, Schamberger and Fahey",6960
LE-276-19277,OP-723-18152,LE-276-19277,OR-067-07032,kkearsx@army.mil,Roob-Konopelski,6875
LE-061-34019,OP-461-75446,LE-061-34019,OR-985-19740,mlammerichy@jiathis.com,Mueller and Sons,7546
LE-610-79245,OP-020-49837,LE-610-79245,OR-616-41362,atoffaloz@mapquest.com,Brown Inc,5776
LE-756-35800,OP-243-03808,LE-756-35800,OR-335-61525,btearle10@netscape.com,"Labadie, Greenholt and Fisher",6665
LE-622-31682,OP-042-93196,LE-622-31682,OR-657-44725,jsheraton11@wikimedia.org,Predovic Inc,4332
LE-032-10156,OP-883-25182,LE-032-10156,OR-633-80739,flewsley12@microsoft.com,Hickle Group,8451
LE-182-72801,OP-439-09460,LE-182-72801,OR-620-87022,rphillput13@macromedia.com,"Jacobi, Lueilwitz and Aufderhar",8233
LE-975-60308,OP-758-77201,LE-975-60308,OR-782-36870,atapson14@cornell.edu,"Cronin, Kirlin and Leannon",6288
LE-782-28828,OP-284-99124,LE-782-28828,OR-457-75657,dcleghorn15@buzzfeed.com,Blanda-Gutmann,9306
LE-762-25161,OP-396-63011,LE-762-25161,OR-702-71640,mkinglake16@state.gov,Toy-Lind,4859
LE-765-12438,OP-896-43831,LE-765-12438,OR-686-60849,gleverette17@shutterfly.com,Kling and Sons,7820
LE-627-26290,OP-839-50282,LE-627-26290,OR-774-20798,cdunbavin18@oakley.com,"Schumm, Mohr and King",2975
LE-321-82256,OP-593-86573,LE-321-82256,OR-440-05544,zmatuska19@umich.edu,Mitchell-Stehr,4267
LE-469-62489,OP-328-16893,LE-469-62489,OR-208-26024,froger1a@oaic.gov.au,"Bednar, Schulist and Lesch",5409
LE-618-87751,OP-378-21142,LE-618-87751,OR-643-73657,ihaigh1b@skype.com,Howe-O'Kon,1381
LE-227-40045,OP-817-75325,LE-227-40045,OR-442-12716,ashere1c@quantcast.com,Fadel Group,7130
LE-703-24127,OP-620-06155,LE-703-24127,OR-397-80689,lbulfoot1d@narod.ru,"Ankunding, Block and White",6927
LE-700-21462,OP-654-85094,LE-700-21462,OR-683-33942,jcuesta1e@usgs.gov,"Osinski, Reinger and Denesik",4062
LE-440-18406,OP-901-54326,LE-440-18406,OR-730-85453,jmellmoth1f@businesswire.com,Nolan Group,5926
LE-733-46845,OP-505-04151,LE-733-46845,OR-938-50038,udeandreis1g@hibu.com,Jaskolski Inc,7494
LE-437-49570,OP-374-10068,LE-437-49570,OR-031-97319,bwessel1h@indiatimes.com,Erdman Group,3921
LE-505-01603,OP-117-07444,LE-505-01603,OR-731-81593,lweymont1i@typepad.com,"Koepp, Kirlin and Koepp",5402
LE-845-62947,OP-154-17690,LE-845-62947,OR-836-07779,swalsh1j@technorati.com,Cruickshank-Langosh,6824
LE-796-49566,OP-192-31147,LE-796-49566,OR-615-56533,cbambrick1k@marriott.com,"O'Conner, DuBuque and Robel",4102
LE-141-78854,OP-575-35504,LE-141-78854,OR-682-37977,tox1l@google.it,"Rolfson, Wisoky and Rolfson",3028
LE-261-39177,OP-930-75109,LE-261-39177,OR-723-66923,vmeechan1m@patch.com,"Aufderhar, Dickinson and Block",8012
LE-077-89702,OP-847-04456,LE-077-89702,OR-408-04889,hfinlater1n@infoseek.co.jp,"Schmeler, Swift and Koelpin",8617
LE-059-66978,OP-651-32408,LE-059-66978,OR-307-23724,bmatthias1o@w3.org,Deckow Group,6344
LE-698-30431,OP-139-76486,LE-698-30431,OR-418-30471,ogrindley1p@illinois.edu,Graham-Orn,5814
LE-270-05758,OP-743-28865,LE-270-05758,OR-145-67714,nelcock1q@gmpg.org,Hintz LLC,9080
LE-101-05684,OP-348-73691,LE-101-05684,OR-721-94882,jfenelow1r@ameblo.jp,Wiegand Group,4630
LE-531-83890,OP-510-97894,LE-531-83890,OR-034-88800,gbarca1s@answers.com,Farrell-Deckow,7711
LE-880-73510,OP-911-10001,LE-880-73510,OR-744-58860,mstopps1t@cargocollective.com,"Reynolds, Baumbach and Herzog",9508
LE-307-09746,OP-001-57918,LE-307-09746,OR-002-51579,bmazdon1u@indiatimes.com,Huels and Sons,5804
LE-323-93712,OP-379-94243,LE-323-93712,OR-839-20079,btevlin1v@sciencedaily.com,"Veum, Prosacco and Crooks",4459
LE-019-11795,OP-670-66003,LE-019-11795,OR-436-05434,fsigward1w@si.edu,Ritchie-Waters,10523
LE-458-62752,OP-959-34564,LE-458-62752,OR-763-16098,cvernazza1x@bing.com,"Collier, Olson and Dare",8955
LE-489-40432,OP-674-58966,LE-489-40432,OR-983-37767,emacvey1y@go.com,"Williamson, Frami and Homenick",2916
LE-072-44875,OP-897-26993,LE-072-44875,OR-497-73983,agiabucci1z@vk.com,Mohr-Collier,8034
LE-395-63919,OP-935-50029,LE-395-63919,OR-429-33672,gtoope20@cnbc.com,Ortiz and Sons,4841
LE-316-10153,OP-507-28202,LE-316-10153,OR-822-23785,ldoutch21@live.com,"Predovic, Marvin and Lynch",10589
LE-498-77966,OP-048-81726,LE-498-77966,OR-287-32694,cwhyley22@si.edu,Olson and Sons,4956
LE-023-24871,OP-329-65834,LE-023-24871,OR-406-08338,aruston23@skyrock.com,"Waters, Satterfield and King",8514
LE-507-80618,OP-278-10695,LE-507-80618,OR-904-18604,rcovolini24@hostgator.com,"Walker, Heller and Labadie",9228
LE-416-68931,OP-115-19232,LE-416-68931,OR-292-73121,jfabbri25@studiopress.com,"Hoeger, Monahan and Krajcik",4820
LE-046-04617,OP-623-53363,LE-046-04617,OR-729-66633,ltriebner26@globo.com,Abernathy Inc,6709
LE-912-88663,OP-327-65902,LE-912-88663,OR-937-60536,otoplin27@sourceforge.net,Homenick-Brekke,5195
LE-262-94269,OP-534-54458,LE-262-94269,OR-800-30193,mpilipyak28@independent.co.uk,Adams-Johnston,8405
LE-334-20468,OP-220-82559,LE-334-20468,OR-333-90221,ecollomosse29@bloomberg.com,"Welch, Lynch and Schulist",6637
LE-210-03699,OP-697-75052,LE-210-03699,OR-977-49604,egare2a@independent.co.uk,Ryan LLC,3109
LE-257-39950,OP-382-22607,LE-257-39950,OR-947-36401,vbrackley2b@bandcamp.com,"Gottlieb, Schulist and Hettinger",9021
LE-602-89807,OP-359-71019,LE-602-89807,OR-916-27919,wkordas2c@cocolog-nifty.com,"Heidenreich, Stoltenberg and Larson",4898
LE-616-98694,OP-678-44721,LE-616-98694,OR-425-07794,lpetheridge2d@zdnet.com,"Kuvalis, Dickinson and Upton",7906
LE-371-86885,OP-635-63723,LE-371-86885,OR-496-49005,mgosnall2e@surveymonkey.com,"Stokes, Quitzon and Brakus",7551
LE-057-33509,OP-072-47649,LE-057-33509,OR-047-07734,riamittii2f@sourceforge.net,McCullough-Harris,9235
LE-778-35078,OP-558-12413,LE-778-35078,OR-247-82880,tnorgan2g@com.com,"Hauck, Hermann and Hilll",4913
LE-246-86695,OP-223-53002,LE-246-86695,OR-330-76672,bbudgett2h@opera.com,"O'Hara, Osinski and Heathcote",9489
LE-869-61807,OP-443-58428,LE-869-61807,OR-027-65722,dstores2i@yahoo.com,"Dietrich, Dach and Hoeger",9760
LE-580-40184,OP-463-93410,LE-580-40184,OR-835-04819,clightollers2j@theglobeandmail.com,Balistreri and Sons,1723
LE-753-33736,OP-396-97782,LE-753-33736,OR-688-54924,ataks2k@ft.com,"Goldner, Torp and White",8966
LE-785-56609,OP-971-04178,LE-785-56609,OR-865-91790,lroutham2l@google.fr,Kiehn and Sons,5061
LE-837-84795,OP-732-87014,LE-837-84795,OR-012-92954,bgeorgievski2m@tuttocitta.it,Kautzer Group,8872
LE-955-75144,OP-317-04297,LE-955-75144,OR-783-02897,zdouthwaite2n@creativecommons.org,"Erdman, Lowe and Lind",2935
LE-950-27056,OP-458-36175,LE-950-27056,OR-878-38448,jhemms2o@ucoz.com,Osinski-Beahan,1673
LE-775-68902,OP-252-49451,LE-775-68902,OR-625-01874,abonhan2p@etsy.com,Nienow Inc,4193
LE-999-17064,OP-554-06289,LE-999-17064,OR-017-99469,nfosken2q@tmall.com,"Lemke, Hettinger and Quitzon",8563
LE-642-08029,OP-417-58721,LE-642-08029,OR-084-70437,ccardenas2r@lulu.com,Baumbach Inc,6609
LE-755-17619,OP-899-50702,LE-755-17619,OR-942-81704,zdaniell2s@google.com.au,White-Kertzmann,4385
LE-658-24004,OP-515-16359,LE-658-24004,OR-578-65333,gjerdon2t@redcross.org,"Upton, Wiegand and Greenholt",9816
LE-139-07913,OP-614-97367,LE-139-07913,OR-950-07153,wgillean2u@amazon.co.jp,Romaguera-Rau,6003
LE-664-39706,OP-790-74880,LE-664-39706,OR-101-81667,rchong2v@dot.gov,Klocko-Hettinger,2124
LE-198-70744,OP-253-72217,LE-198-70744,OR-596-60382,ewiffield2w@lycos.com,Haley-Spinka,8708
LE-448-76136,OP-418-89810,LE-448-76136,OR-749-09175,afevers2x@amazon.co.jp,"Kessler, Kuphal and Weissnat",7209
LE-224-55239,OP-445-98234,LE-224-55239,OR-560-00848,ldodsworth2y@walmart.com,Yundt and Sons,6137
LE-728-28871,OP-310-75002,LE-728-28871,OR-866-83825,zbienvenu2z@redcross.org,Jakubowski-Bahringer,6673
LE-011-75962,OP-719-02886,LE-011-75962,OR-359-20717,rpatershall30@toplist.cz,McDermott and Sons,6944
LE-594-24178,OP-082-91743,LE-594-24178,OR-336-76491,brushbrook31@amazon.de,Swaniawski and Sons,2383
LE-574-07920,OP-432-86029,LE-574-07920,OR-526-38843,crodgier32@tinypic.com,Conn Inc,6755
LE-890-17847,OP-583-22762,LE-890-17847,OR-983-39763,ubiddlestone33@samsung.com,"Krajcik, Hodkiewicz and Roberts",3495
LE-976-03759,OP-240-42826,LE-976-03759,OR-309-48851,aswafford34@live.com,"Luettgen, Prosacco and Witting",6354
LE-288-43954,OP-271-90256,LE-288-43954,OR-810-97998,mblanckley35@pen.io,"Mante, Welch and Prohaska",6214
LE-676-91388,OP-626-30135,LE-676-91388,OR-017-09962,kgwilt36@goo.gl,Little and Sons,8411
LE-978-85880,OP-109-71615,LE-978-85880,OR-748-87604,maglione37@hubpages.com,Buckridge Inc,7788
LE-997-37260,OP-565-41694,LE-997-37260,OR-199-60470,nmound38@163.com,Braun-Swift,3641
LE-469-78382,OP-864-54079,LE-469-78382,OR-684-22564,edulinty39@google.cn,Gutmann-Mante,5577
LE-930-35387,OP-259-02957,LE-930-35387,OR-922-48086,rtidey3a@pen.io,"Nitzsche, Fay and Orn",5081
LE-025-51682,OP-357-89120,LE-025-51682,OR-357-40081,memslie3b@weebly.com,Ebert-Kertzmann,6100
LE-695-40110,OP-472-40667,LE-695-40110,OR-546-76078,chugueville3c@livejournal.com,Veum and Sons,5206
LE-287-37447,OP-963-09004,LE-287-37447,OR-321-59619,lbowich3d@msu.edu,Cruickshank Group,2626
LE-741-09299,OP-535-20386,LE-741-09299,OR-650-31051,vmocker3e@prweb.com,"Conn, Kuhlman and Hahn",2225
LE-505-13769,OP-656-34832,LE-505-13769,OR-488-27847,rhulles3f@apache.org,Crist Group,3858
LE-318-76753,OP-750-12523,LE-318-76753,OR-371-18669,fivashinnikov3g@last.fm,Witting Inc,3393
LE-296-20046,OP-669-50828,LE-296-20046,OR-097-22526,mdobsons3h@addthis.com,Daniel-Ondricka,7878
LE-488-75781,OP-274-59561,LE-488-75781,OR-693-54863,scoronas3i@craigslist.org,"Walter, Hahn and Welch",5817
LE-542-03260,OP-266-94379,LE-542-03260,OR-315-71398,ipodd3j@homestead.com,"Boehm, Rath and Hickle",6097
LE-097-51152,OP-841-67751,LE-097-51152,OR-149-22520,pgodber3k@adobe.com,Koch LLC,4560
LE-827-60643,OP-657-13129,LE-827-60643,OR-968-46532,sfedder3l@de.vu,Watsica-Denesik,8508
LE-755-31893,OP-924-62668,LE-755-31893,OR-399-82372,edarinton3m@wikipedia.org,"Crooks, Jaskolski and Weissnat",4139
LE-430-07047,OP-187-07254,LE-430-07047,OR-195-67976,jlimpertz3n@uiuc.edu,Lueilwitz LLC,7862
LE-938-03414,OP-416-24460,LE-938-03414,OR-463-57683,dmaureen3o@noaa.gov,Reichert Inc,5924
LE-155-31961,OP-880-91448,LE-155-31961,OR-510-77030,mgaythwaite3p@ovh.net,Koch Group,9105
LE-462-30414,OP-729-08511,LE-462-30414,OR-711-07599,pvodden3q@guardian.co.uk,Abshire-Gottlieb,5516
LE-097-98028,OP-810-99529,LE-097-98028,OR-566-38600,sbruhnke3r@opera.com,Larson-Smitham,6814
LE-075-69474,OP-327-30161,LE-075-69474,OR-687-98371,ssunner3s@reddit.com,Dibbert Group,7541
LE-534-91395,OP-497-83667,LE-534-91395,OR-146-56157,wrubin3t@friendfeed.com,"Schiller, Schuppe and Sporer",4664
LE-435-29339,OP-426-72589,LE-435-29339,OR-121-80853,sklimpke3u@youtu.be,"Dare, Schimmel and Block",7476
LE-580-82225,OP-790-64778,LE-580-82225,OR-262-02190,mcoulthard3v@bigcartel.com,Bergnaum-Anderson,6545
LE-912-44783,OP-594-90722,LE-912-44783,OR-998-20285,khatfull3w@miibeian.gov.cn,"Berge, Bernhard and Hills",9149
LE-359-38815,OP-107-59911,LE-359-38815,OR-604-86236,cgaiford3x@gizmodo.com,Bahringer-Reinger,4880
LE-189-20706,OP-826-09910,LE-189-20706,OR-669-87566,lgoodricke3y@youtu.be,Schoen-Jacobi,4488
LE-067-67260,OP-637-36048,LE-067-67260,OR-525-47468,ndohms3z@theatlantic.com,Beatty-Kihn,5027
LE-742-26048,OP-997-10606,LE-742-26048,OR-790-28794,tmerritt40@jugem.jp,Bogan and Sons,7345
LE-315-18053,OP-665-40054,LE-315-18053,OR-595-46709,lbelli41@stumbleupon.com,"Goodwin, Heathcote and Johns",5771
LE-845-29468,OP-666-53802,LE-845-29468,OR-395-29119,nandrzejowski42@mail.ru,"Weimann, Fahey and Rice",4800
LE-088-05893,OP-806-26742,LE-088-05893,OR-682-97956,bcharlewood43@wikia.com,Spinka Group,5469
LE-659-92278,OP-876-46119,LE-659-92278,OR-438-82238,jlanglands44@google.fr,Gutkowski-Cormier,4977
LE-303-14149,OP-643-12020,LE-303-14149,OR-172-39435,rdadge45@ezinearticles.com,"Christiansen, Predovic and Johns",4898
LE-574-38456,OP-921-40715,LE-574-38456,OR-075-92653,wwhellans46@comsenz.com,Rau-Reichel,11090
LE-938-30785,OP-764-72599,LE-938-30785,OR-089-68697,lgreenhouse47@opensource.org,Kautzer-Kuvalis,6717
LE-633-43866,OP-316-17055,LE-633-43866,OR-158-27918,bbiggerstaff48@livejournal.com,"Adams, Morissette and Graham",6666
LE-728-75459,OP-096-02950,LE-728-75459,OR-862-26376,ceglese49@gmpg.org,"Rath, Wuckert and Herman",4634
LE-475-63639,OP-917-88601,LE-475-63639,OR-280-98376,mmulkerrins4a@youku.com,"Witting, Rolfson and Zemlak",6478
LE-171-70189,OP-863-95599,LE-171-70189,OR-429-94117,gmeace4b@cocolog-nifty.com,Pollich-Toy,6267
LE-057-07100,OP-872-02491,LE-057-07100,OR-137-00749,gblakiston4c@creativecommons.org,Tromp Inc,5272
LE-327-11184,OP-888-08374,LE-327-11184,OR-954-85820,jvitte4d@usnews.com,Sawayn-Sporer,5561
LE-289-96584,OP-171-98288,LE-289-96584,OR-490-76713,pguilliatt4e@wordpress.com,Schimmel LLC,4786
LE-834-04990,OP-030-89826,LE-834-04990,OR-184-72302,pbucklan4f@furl.net,Nicolas LLC,4862
LE-526-94045,OP-007-07662,LE-526-94045,OR-547-00225,ccurrin4g@ow.ly,Hoeger-Swift,4510
LE-010-22559,OP-779-67528,LE-010-22559,OR-610-76645,mcummings4h@dmoz.org,Wehner Group,8119
LE-275-26346,OP-653-72845,LE-275-26346,OR-191-63796,dpauletti4i@angelfire.com,Reinger-Kreiger,7691
LE-855-43795,OP-558-12427,LE-855-43795,OR-964-49134,ckinnerley4j@odnoklassniki.ru,Keeling-Kshlerin,6310
LE-491-23436,OP-678-37207,LE-491-23436,OR-760-61826,awentworth4k@friendfeed.com,"Gorczany, Crooks and Kilback",7160
LE-674-81231,OP-202-11971,LE-674-81231,OR-898-66007,awaliszewski4l@webnode.com,"Pacocha, Zulauf and Stroman",3714
LE-282-04060,OP-942-16600,LE-282-04060,OR-229-76273,hheinzler4m@earthlink.net,Pfannerstill Group,9289
LE-069-70680,OP-292-67190,LE-069-70680,OR-057-64132,tgarbert4n@about.com,Robel and Sons,4040
LE-295-87741,OP-342-75617,LE-295-87741,OR-948-42076,nbuss4o@toplist.cz,Kuphal-Hirthe,6650
LE-624-80821,OP-967-53485,LE-624-80821,OR-556-32296,mfrizzell4p@nydailynews.com,Boyer-Carter,2813
LE-164-35096,OP-460-93407,LE-164-35096,OR-539-56315,lscorton4q@delicious.com,Schulist-Wiza,8321
LE-080-87900,OP-585-43224,LE-080-87900,OR-214-80344,bsnoddin4r@infoseek.co.jp,Borer Inc,7476
LE-087-87900,OP-085-64061,LE-087-87900,OR-326-27301,rcolisbe4s@jugem.jp,Jones Inc,6402
LE-177-41806,OP-186-92296,LE-177-41806,OR-898-43315,aorridge4t@buzzfeed.com,"Wuckert, Bayer and Parker",7950
LE-208-20902,OP-705-60693,LE-208-20902,OR-076-60128,dwistance4u@baidu.com,Predovic-Hansen,6303
LE-094-22472,OP-649-49561,LE-094-22472,OR-444-06515,fmccory4v@mail.ru,Cronin-Baumbach,3809
LE-079-62038,OP-367-93552,LE-079-62038,OR-524-98464,jtofanelli4w@arizona.edu,Huels Inc,9798
LE-209-60948,OP-899-14471,LE-209-60948,OR-064-78071,rspurgin4x@acquirethisname.com,Metz-Oberbrunner,5511
LE-337-79176,OP-283-34987,LE-337-79176,OR-365-18573,ypoore4y@macromedia.com,"Bergstrom, Haley and Bogisich",7310
LE-122-26649,OP-584-95499,LE-122-26649,OR-950-64695,ucasale4z@dailymotion.com,Brakus-Farrell,7350
LE-395-96075,OP-557-86157,LE-395-96075,OR-047-62598,sgoldie50@twitpic.com,Swaniawski Inc,4014
LE-046-35620,OP-216-15305,LE-046-35620,OR-311-32280,ahaire51@chicagotribune.com,Wilderman LLC,4894
LE-679-69617,OP-491-59993,LE-679-69617,OR-515-71778,dtommen52@tmall.com,Kuhn and Sons,2888
LE-869-05486,OP-399-91268,LE-869-05486,OR-459-20850,hthrower53@wunderground.com,Abbott Inc,4852
LE-015-48265,OP-797-83730,LE-015-48265,OR-176-57616,tgrieve54@apache.org,"Pollich, Kshlerin and Mitchell",4388
LE-171-86673,OP-484-56988,LE-171-86673,OR-368-89728,nmcpeice55@newyorker.com,Walker and Sons,7264
LE-178-42958,OP-666-96804,LE-178-42958,OR-627-34431,abulbrook56@craigslist.org,"Greenfelder, Murphy and Osinski",6721
LE-624-97438,OP-719-91174,LE-624-97438,OR-906-33577,credolfi57@csmonitor.com,Ernser LLC,4122
LE-150-39741,OP-800-19504,LE-150-39741,OR-025-69139,nargile58@geocities.jp,"Wunsch, Rohan and Macejkovic",6498
LE-531-71972,OP-038-43167,LE-531-71972,OR-828-21865,rnavarre59@hubpages.com,O'Hara-Reilly,2451
LE-349-39779,OP-524-60374,LE-349-39779,OR-908-62803,fcrudge5a@parallels.com,"Hoppe, Baumbach and Bauch",4532
LE-687-84617,OP-555-25212,LE-687-84617,OR-105-28754,jchivers5b@ted.com,Swaniawski-O'Keefe,2104
LE-756-96952,OP-247-66913,LE-756-96952,OR-293-13589,aestabrook5c@yahoo.co.jp,Grant and Sons,6504
LE-648-12904,OP-409-28551,LE-648-12904,OR-555-98014,hzielinski5d@altervista.org,Walsh-Schoen,8436
LE-139-32344,OP-106-05011,LE-139-32344,OR-171-13200,smacaleese5e@ocn.ne.jp,Walter-Schoen,7233
LE-187-61679,OP-618-76159,LE-187-61679,OR-337-20608,eorme5f@noaa.gov,Lang Group,10073
LE-885-97473,OP-097-17058,LE-885-97473,OR-292-12217,yibert5g@accuweather.com,Schoen-Herman,2486
LE-419-52891,OP-216-69471,LE-419-52891,OR-701-86178,oinfantino5h@naver.com,Cruickshank-Kerluke,6193
LE-328-59845,OP-381-59784,LE-328-59845,OR-803-74678,krattery5i@ifeng.com,"Fisher, Stokes and Dooley",2816
LE-136-46588,OP-738-35542,LE-136-46588,OR-788-58992,fiacapucci5j@hexun.com,"Little, Corkery and Erdman",5334
LE-160-75923,OP-409-49714,LE-160-75923,OR-171-14644,fpetyankin5k@wikipedia.org,Hansen-Rempel,4810
LE-200-31274,OP-931-18641,LE-200-31274,OR-208-59418,ajoutapaitis5l@stumbleupon.com,Bins and Sons,3737
LE-396-32079,OP-107-54406,LE-396-32079,OR-604-73221,rprickett5m@deliciousdays.com,Lynch Group,10127
LE-430-65196,OP-576-46828,LE-430-65196,OR-137-17115,nboulder5n@seesaa.net,Weissnat-VonRueden,2353
LE-432-49850,OP-428-52390,LE-432-49850,OR-539-28659,lguisby5o@google.co.jp,Crona-Corkery,3864
LE-526-26758,OP-619-35451,LE-526-26758,OR-436-06825,jrollinshaw5p@drupal.org,Zemlak Inc,6285
LE-145-06665,OP-591-00905,LE-145-06665,OR-617-87821,bdyet5q@4shared.com,"O'Reilly, Aufderhar and Schimmel",8208
LE-884-21668,OP-942-22281,LE-884-21668,OR-251-68292,egisburne5r@nifty.com,Bosco-Kirlin,9138
LE-311-57575,OP-914-70035,LE-311-57575,OR-329-97657,gschapero5s@yelp.com,"Weissnat, Kertzmann and Wilkinson",5226
LE-926-37995,OP-541-91735,LE-926-37995,OR-178-66717,dknellen5t@timesonline.co.uk,Kilback-Barton,7531
LE-345-78910,OP-778-97639,LE-345-78910,OR-611-82604,blawther5u@over-blog.com,Sawayn-Ziemann,9086
LE-998-95043,OP-742-50065,LE-998-95043,OR-307-94111,rmarshallsay5v@zdnet.com,Hoppe and Sons,6445
LE-549-15901,OP-201-20314,LE-549-15901,OR-357-99360,hchristie5w@github.com,Cummerata and Sons,6067
LE-366-49769,OP-581-06058,LE-366-49769,OR-383-98600,bwoof5x@plala.or.jp,Walsh-Jenkins,3623
LE-363-89944,OP-724-76542,LE-363-89944,OR-080-24548,dheggadon5y@acquirethisname.com,"Gerlach, Keeling and Wisoky",8206
LE-614-93922,OP-925-98194,LE-614-93922,OR-676-21126,spirot5z@pagesperso-orange.fr,Emmerich-Hansen,9335
LE-314-17002,OP-881-10217,LE-314-17002,OR-187-81442,awinch60@simplemachines.org,Williamson LLC,5828
LE-143-10279,OP-438-99639,LE-143-10279,OR-810-63769,jlorentz61@ebay.co.uk,"Turner, Ondricka and Hahn",6889
LE-617-00946,OP-549-97449,LE-617-00946,OR-366-72121,awynch62@facebook.com,Nitzsche and Sons,3039
LE-285-00164,OP-667-17154,LE-285-00164,OR-864-92411,jtenpenny63@flickr.com,"Hermiston, Abbott and Heller",1662
LE-567-58364,OP-055-61550,LE-567-58364,OR-636-76630,obolderson64@ted.com,Schuppe and Sons,5676
LE-101-27039,OP-097-49449,LE-101-27039,OR-320-85135,lschonfeld65@apple.com,Effertz-Ondricka,6388
LE-289-94821,OP-146-67856,LE-289-94821,OR-971-09408,mzoellner66@squidoo.com,"Heidenreich, Gulgowski and Gleichner",3885
LE-548-04403,OP-995-55801,LE-548-04403,OR-027-74436,ssperring67@slashdot.org,Douglas-Rempel,5587
LE-366-59554,OP-626-00527,LE-366-59554,OR-912-03762,gmannin68@themeforest.net,Koepp Group,5342
LE-483-87549,OP-104-83536,LE-483-87549,OR-960-20707,lmoran69@bbb.org,Renner-Rodriguez,7713
LE-089-27874,OP-866-90910,LE-089-27874,OR-197-70587,lcaulket6a@squidoo.com,"Miller, Gislason and Fisher",8711
LE-599-84090,OP-436-31287,LE-599-84090,OR-556-16586,rahmad6b@timesonline.co.uk,Reynolds Group,7381
LE-058-28594,OP-844-53600,LE-058-28594,OR-716-79472,cwilliment6c@google.com.au,"Sporer, Boyle and Schamberger",7557
LE-976-08626,OP-561-95067,LE-976-08626,OR-594-19678,tketteridge6d@npr.org,Bruen and Sons,7707
LE-061-58770,OP-602-29620,LE-061-58770,OR-344-29959,cpeakman6e@theguardian.com,"Mayer, Keebler and Wilderman",6949
LE-640-13969,OP-446-10663,LE-640-13969,OR-680-99030,kgalland6f@ted.com,Bosco-Walker,9884
LE-608-85363,OP-158-11546,LE-608-85363,OR-269-95321,mricketts6g@google.com.au,Hermann Group,8249
LE-896-90441,OP-761-15886,LE-896-90441,OR-538-75836,wlamberts6h@bizjournals.com,"Murazik, Waters and Jerde",4109
LE-473-56229,OP-768-11760,LE-473-56229,OR-934-75060,mgirardi6i@pinterest.com,"McKenzie, Reichert and Hayes",6969
LE-863-74870,OP-012-87086,LE-863-74870,OR-250-05136,sgrimoldby6j@moonfruit.com,Shanahan Group,4567
LE-074-46345,OP-715-00204,LE-074-46345,OR-499-38920,lcattenach6k@weebly.com,"Nitzsche, Greenholt and Kshlerin",2935
LE-963-81649,OP-273-54426,LE-963-81649,OR-870-03715,lbellay6l@foxnews.com,"Schamberger, Bashirian and Fisher",7837
LE-792-36933,OP-956-20662,LE-792-36933,OR-540-65780,heastman6m@answers.com,Klocko LLC,5408
LE-809-48316,OP-172-06546,LE-809-48316,OR-929-71378,sgreim6n@gov.uk,Vandervort Group,5399
LE-181-33510,OP-168-56574,LE-181-33510,OR-009-06448,cmouan6o@redcross.org,Schinner Group,7746
LE-780-98810,OP-278-21979,LE-780-98810,OR-031-22311,gbyass6p@sun.com,Olson LLC,1658
LE-941-30818,OP-795-30200,LE-941-30818,OR-790-64925,iwellan6q@si.edu,Brakus Inc,6519
LE-819-70638,OP-896-11272,LE-819-70638,OR-424-28891,cstandeven6r@tumblr.com,"Larkin, Schulist and Bergnaum",7705
LE-278-47881,OP-499-13436,LE-278-47881,OR-883-03093,nomulderrig6s@chicagotribune.com,Beahan LLC,6221
LE-941-61428,OP-418-81501,LE-941-61428,OR-745-50544,mkienl6t@slate.com,Gislason Inc,4208
LE-355-91657,OP-652-22268,LE-355-91657,OR-699-34624,gmccathie6u@disqus.com,Weimann and Sons,3057
LE-906-58628,OP-863-28334,LE-906-58628,OR-259-13726,maylott6v@home.pl,Jacobs-Padberg,9893
LE-177-11084,OP-349-99881,LE-177-11084,OR-095-35268,poganian6w@europa.eu,Trantow-Stoltenberg,8444
LE-310-39630,OP-626-77945,LE-310-39630,OR-870-88951,acastro6x@reuters.com,Friesen-Witting,2472
LE-460-77872,OP-288-69993,LE-460-77872,OR-563-12697,sabbotson6y@dell.com,Jacobson-Corwin,8798
LE-284-38456,OP-750-45426,LE-284-38456,OR-944-81162,mspuffard6z@dropbox.com,Lesch-Gaylord,3986
LE-755-68328,OP-800-27286,LE-755-68328,OR-137-78582,clovelace70@engadget.com,"Bailey, D'Amore and Lebsack",6306
LE-611-44213,OP-688-12871,LE-611-44213,OR-892-39105,mwheeler71@imageshack.us,Schmeler LLC,2619
LE-970-04614,OP-356-87928,LE-970-04614,OR-167-46603,gabrams72@alexa.com,"DuBuque, Jaskolski and Dickinson",8505
LE-646-66505,OP-192-92511,LE-646-66505,OR-400-51810,kgabbitus73@mac.com,Schiller-Sanford,3539
LE-064-19703,OP-139-65491,LE-064-19703,OR-934-37974,alambertazzi74@sbwire.com,Wyman Inc,3526
LE-067-54569,OP-684-04571,LE-067-54569,OR-215-08053,skelner75@nps.gov,Gutmann LLC,5251
LE-446-63546,OP-481-16694,LE-446-63546,OR-846-10712,osimester76@huffingtonpost.com,Konopelski Group,2352
LE-808-91467,OP-783-90146,LE-808-91467,OR-325-09245,asabater77@apple.com,"Herzog, Schultz and Hansen",6011
LE-518-02465,OP-700-47650,LE-518-02465,OR-135-90516,amayze78@geocities.jp,"Yundt, Lesch and Welch",7148
LE-431-14401,OP-127-64366,LE-431-14401,OR-000-95645,wchafney79@comsenz.com,Weber Group,1067
LE-648-36457,OP-819-91521,LE-648-36457,OR-239-39647,tcuffe7a@oakley.com,Gerhold Group,7569
LE-659-05775,OP-225-59725,LE-659-05775,OR-307-45999,rargue7b@hhs.gov,Green and Sons,9008
LE-312-79291,OP-248-37812,LE-312-79291,OR-849-57787,roffiler7c@usnews.com,"Stamm, Johns and Kerluke",5588
LE-900-72216,OP-055-62710,LE-900-72216,OR-672-75400,cbarter7d@nsw.gov.au,McCullough Group,5789
LE-935-61228,OP-394-92035,LE-935-61228,OR-682-83364,bsine7e@microsoft.com,"Rutherford, Roob and Abshire",8670
LE-050-54784,OP-884-82089,LE-050-54784,OR-379-61309,sfirebrace7f@opera.com,"Abbott, Botsford and Rosenbaum",7017
LE-204-81005,OP-371-07697,LE-204-81005,OR-707-14787,akehoe7g@odnoklassniki.ru,Larkin and Sons,6111
LE-677-35513,OP-192-02720,LE-677-35513,OR-251-70143,fnyland7h@wiley.com,Durgan Inc,6428
LE-039-18034,OP-461-31379,LE-039-18034,OR-844-39211,gburwin7i@chron.com,Murazik-Sauer,6976
LE-573-62156,OP-517-64735,LE-573-62156,OR-332-26208,jcucuzza7j@ezinearticles.com,"Pfeffer, Treutel and Romaguera",6073
LE-400-00938,OP-926-70313,LE-400-00938,OR-022-29877,lmcvie7k@independent.co.uk,Hauck Inc,3797
LE-687-31261,OP-450-92581,LE-687-31261,OR-421-88331,jkinder7l@goodreads.com,Heaney and Sons,3976
LE-321-93618,OP-589-44070,LE-321-93618,OR-579-53628,chutchinges7m@ustream.tv,Rohan Group,10121
LE-880-18083,OP-550-10237,LE-880-18083,OR-634-99877,bpleuman7n@blogspot.com,Kling and Sons,8977
LE-689-81895,OP-067-99520,LE-689-81895,OR-619-65445,smackin7o@paypal.com,Zieme-Berge,7897
LE-211-64624,OP-712-45727,LE-211-64624,OR-919-63744,drenowden7p@ycombinator.com,"Stamm, Klocko and Towne",2617
LE-131-43701,OP-150-17704,LE-131-43701,OR-030-72671,mflanagan7q@etsy.com,Hirthe-Bergnaum,7034
LE-060-66697,OP-345-85087,LE-060-66697,OR-048-97466,sflecknoe7r@phoca.cz,Waters Group,3523
LE-201-79039,OP-375-38894,LE-201-79039,OR-352-56235,rcristofanini7s@phoca.cz,Jenkins-Johnson,8236
LE-980-15347,OP-432-40082,LE-980-15347,OR-465-62012,jlibbey7t@skyrock.com,"Beahan, Stiedemann and Boyer",5352
LE-138-34900,OP-214-31962,LE-138-34900,OR-617-27389,bantushev7u@about.me,Ryan Group,7938
LE-585-12441,OP-449-39933,LE-585-12441,OR-897-29630,mghilardini7v@google.es,"Koss, Ryan and Gerhold",3380
LE-069-34790,OP-574-09697,LE-069-34790,OR-679-03476,mbeecker7w@techcrunch.com,Paucek-Berge,7772
LE-763-87960,OP-220-26104,LE-763-87960,OR-061-76222,kbutting7x@vinaora.com,Smitham and Sons,4327
LE-708-29906,OP-091-85760,LE-708-29906,OR-063-96443,mminichillo7y@europa.eu,Smith-Johnson,7011
LE-290-07273,OP-974-80190,LE-290-07273,OR-333-94234,scadalleder7z@who.int,"Witting, Ondricka and Stark",4627
LE-330-15223,OP-312-45262,LE-330-15223,OR-770-76451,blapping80@army.mil,Marquardt-Parker,2130
LE-848-58063,OP-202-87377,LE-848-58063,OR-848-80459,kibberson81@reddit.com,Kertzmann-Walter,5065
LE-191-01537,OP-006-06456,LE-191-01537,OR-705-48444,umorrallee82@dailymotion.com,Boehm LLC,3721
LE-009-21016,OP-738-57701,LE-009-21016,OR-015-52550,ajillitt83@comsenz.com,"Williamson, Cruickshank and Hauck",3057
LE-790-50714,OP-862-57531,LE-790-50714,OR-633-68031,mbatch84@fda.gov,Howell-Hackett,3151
LE-041-06577,OP-800-08222,LE-041-06577,OR-450-26214,arevan85@arizona.edu,Jast LLC,4606
LE-050-91185,OP-936-56323,LE-050-91185,OR-644-95666,wbowra86@thetimes.co.uk,"Goodwin, Stamm and Stiedemann",5521
LE-272-35866,OP-067-75990,LE-272-35866,OR-180-53565,csouza87@bbc.co.uk,Heathcote Group,9270
LE-365-72909,OP-617-67274,LE-365-72909,OR-455-71916,gblacker88@slashdot.org,"Treutel, Erdman and Casper",8018
LE-332-50205,OP-897-16381,LE-332-50205,OR-705-62551,mbenwell89@delicious.com,Adams Group,9165
LE-508-91209,OP-855-76542,LE-508-91209,OR-942-27966,cmariot8a@eventbrite.com,Schmitt LLC,5642
LE-177-00788,OP-025-35010,LE-177-00788,OR-643-75710,corr8b@fema.gov,Lynch-Emard,7865
LE-676-55062,OP-312-95388,LE-676-55062,OR-518-63693,zjandourek8c@cpanel.net,"Marquardt, Kovacek and McCullough",7830
LE-495-23061,OP-177-46357,LE-495-23061,OR-096-17972,acowl8d@phoca.cz,"Jaskolski, Rosenbaum and Stiedemann",7400
LE-065-55585,OP-216-15004,LE-065-55585,OR-695-66673,psummerell8e@state.gov,Schmeler LLC,2458
LE-858-07849,OP-426-92501,LE-858-07849,OR-114-49396,lslaght8f@weibo.com,Bashirian-Cummings,8250
LE-893-18197,OP-177-74668,LE-893-18197,OR-109-15957,hnuttall8g@amazon.de,Senger-Goyette,8734
LE-345-35068,OP-958-42527,LE-345-35068,OR-504-06374,bkobel8h@hibu.com,"Wunsch, Rutherford and Donnelly",2658
LE-182-89898,OP-977-54021,LE-182-89898,OR-533-68123,nbeverage8i@delicious.com,"Adams, Walsh and Wehner",6774
LE-200-77370,OP-501-42470,LE-200-77370,OR-291-05220,vbeckhouse8j@github.io,Harvey LLC,4595
LE-847-16938,OP-084-55445,LE-847-16938,OR-945-88216,dallnatt8k@hugedomains.com,Cummerata Group,10122
LE-111-39239,OP-164-56926,LE-111-39239,OR-911-86836,akimmince8l@ehow.com,Schoen and Sons,9144
LE-128-79912,OP-803-63612,LE-128-79912,OR-815-27406,rmockett8m@edublogs.org,"Smith, Koepp and Durgan",7909
LE-795-21311,OP-709-84314,LE-795-21311,OR-090-60266,mbatters8n@istockphoto.com,Smitham-O'Kon,4420
LE-210-05102,OP-138-42455,LE-210-05102,OR-568-94292,mlawton8o@angelfire.com,"Schneider, Satterfield and Littel",7799
LE-075-20681,OP-309-10050,LE-075-20681,OR-728-64430,epinching8p@unesco.org,Rodriguez-Medhurst,4603
LE-943-24847,OP-630-21908,LE-943-24847,OR-882-79119,gcasacchia8q@so-net.ne.jp,"Goyette, McGlynn and Kerluke",6063
LE-526-32000,OP-833-93651,LE-526-32000,OR-597-69369,sberntssen8r@tamu.edu,"D'Amore, Ritchie and Schroeder",6518
LE-229-39215,OP-514-86762,LE-229-39215,OR-725-84772,cfanthome8s@ebay.co.uk,Lesch and Sons,7319
LE-137-80460,OP-898-59734,LE-137-80460,OR-934-08582,csquire8t@chronoengine.com,"Tremblay, Koch and Wisoky",7792
LE-730-04445,OP-767-88762,LE-730-04445,OR-850-15027,ltremberth8u@pcworld.com,"Brown, Ebert and Hayes",4896
LE-100-86782,OP-539-40976,LE-100-86782,OR-170-49836,mmoens8v@jalbum.net,"Tromp, Von and Erdman",2707
LE-927-94629,OP-011-72824,LE-927-94629,OR-284-23767,sbalk8w@google.com.hk,"Wunsch, Lind and Hammes",6889
LE-832-31455,OP-771-38205,LE-832-31455,OR-250-90327,shulburd8x@gov.uk,"Hintz, Kozey and Rowe",5164
LE-757-21176,OP-576-65834,LE-757-21176,OR-359-72159,lrubee8y@yandex.ru,Hilpert and Sons,8685
LE-727-03422,OP-605-95789,LE-727-03422,OR-061-98437,dshimwell8z@paginegialle.it,Cormier and Sons,4000
LE-800-80197,OP-838-97379,LE-800-80197,OR-539-88080,lsherringham90@nba.com,Macejkovic and Sons,7698
LE-058-16677,OP-024-35579,LE-058-16677,OR-245-01527,hbaudet91@google.com,"Doyle, Sanford and Vandervort",5947
LE-341-96020,OP-272-89077,LE-341-96020,OR-041-55177,ostode92@t.co,Corkery LLC,1156
LE-052-64941,OP-097-91109,LE-052-64941,OR-412-12627,cjosephsen93@ifeng.com,Hyatt-Dach,4307
LE-750-40982,OP-705-72934,LE-750-40982,OR-899-89386,jmacmychem94@reverbnation.com,Cormier-Crooks,7413
LE-809-15855,OP-098-71661,LE-809-15855,OR-714-70943,abasek95@soup.io,Lang Inc,8059
LE-248-59157,OP-313-06496,LE-248-59157,OR-890-31925,iprescote96@redcross.org,Stoltenberg-Cruickshank,4367
LE-942-92604,OP-868-36115,LE-942-92604,OR-522-83207,mrathe97@facebook.com,Denesik-Pouros,7137
LE-231-21622,OP-367-67625,LE-231-21622,OR-505-82858,kczajkowska98@topsy.com,Jones-Ebert,2774
LE-231-38187,OP-382-96338,LE-231-38187,OR-690-37568,jsket99@cbc.ca,Padberg-Cassin,5318
LE-744-05618,OP-699-52386,LE-744-05618,OR-546-78482,acrang9a@jugem.jp,Reichert Group,6665
LE-886-95510,OP-064-65567,LE-886-95510,OR-373-99423,fcleere9b@nydailynews.com,"Price, Hettinger and Borer",3933
LE-879-19590,OP-404-07921,LE-879-19590,OR-319-99250,mromayn9c@instagram.com,"Hudson, Doyle and Green",5895
LE-805-83231,OP-337-08800,LE-805-83231,OR-823-57125,oflower9d@ihg.com,Gaylord-Wilderman,7007
LE-671-69053,OP-725-24334,LE-671-69053,OR-137-41629,ikosel9e@oracle.com,Romaguera-Konopelski,9509
LE-816-70511,OP-552-80903,LE-816-70511,OR-458-09140,tshambroke9f@nifty.com,Keebler-Thompson,6298
LE-891-06876,OP-534-44600,LE-891-06876,OR-739-94874,tdziwisz9g@yolasite.com,"King, McGlynn and Blanda",7008
LE-817-06235,OP-679-65896,LE-817-06235,OR-458-57171,ademke9h@hatena.ne.jp,Schumm LLC,3635
LE-517-69631,OP-422-42652,LE-517-69631,OR-428-63751,mstelljes9i@intel.com,Boehm Group,2320
LE-903-12531,OP-490-16655,LE-903-12531,OR-356-58577,tsangwine9j@nhs.uk,Parisian-Hoeger,6351
LE-055-43651,OP-613-66439,LE-055-43651,OR-455-49667,bkidde9k@umich.edu,Gleichner Group,1790
LE-002-41047,OP-041-75948,LE-002-41047,OR-006-43913,cdefraine9l@pen.io,Becker and Sons,8629
LE-396-62766,OP-465-65750,LE-396-62766,OR-659-90144,vlorek9m@sphinn.com,Dibbert and Sons,7061
LE-717-32037,OP-172-56077,LE-717-32037,OR-083-00373,rharpham9n@github.io,Hintz-Dickinson,3759
LE-849-74231,OP-838-38212,LE-849-74231,OR-718-34371,ghanburybrown9o@example.com,"Hahn, Nicolas and Orn",3958
LE-423-72619,OP-634-66426,LE-423-72619,OR-719-43710,ekinnett9p@e-recht24.de,Feil LLC,6449
LE-771-78120,OP-887-33042,LE-771-78120,OR-244-37441,wmacalpin9q@unblog.fr,Vandervort-Crist,8783
LE-482-09441,OP-397-44083,LE-482-09441,OR-262-28560,gbennetto9r@imdb.com,Medhurst Inc,7108
LE-738-14030,OP-586-66143,LE-738-14030,OR-843-16294,karchbould9s@techcrunch.com,"Kling, Bergnaum and Trantow",3806
LE-740-49425,OP-662-57112,LE-740-49425,OR-643-42889,kcheyne9t@over-blog.com,"Mayer, Sauer and Walter",9164
LE-410-85475,OP-313-24408,LE-410-85475,OR-426-86067,sradenhurst9u@icq.com,Sawayn-Brakus,7375
LE-417-71904,OP-523-52044,LE-417-71904,OR-016-07308,cjacmar9v@ucsd.edu,Crona and Sons,5234
LE-892-30940,OP-295-78976,LE-892-30940,OR-064-09553,ahundal9w@google.de,Hagenes Inc,2901
LE-106-33428,OP-458-42879,LE-106-33428,OR-453-53549,mgoodanew9x@myspace.com,"Ernser, Koelpin and Jenkins",7204
LE-061-43889,OP-235-09585,LE-061-43889,OR-072-63919,sburman9y@cyberchimps.com,"Swaniawski, Kling and Braun",10570
LE-231-03741,OP-836-16944,LE-231-03741,OR-451-10487,trodrigues9z@pbs.org,Block Inc,5377
LE-991-84235,OP-260-53656,LE-991-84235,OR-071-58734,wtaysbila0@sina.com.cn,Mante-Greenfelder,4879
LE-677-70145,OP-293-95889,LE-677-70145,OR-646-03195,jmckernana1@oakley.com,Yost LLC,3735
LE-770-02050,OP-656-70412,LE-770-02050,OR-537-97404,ltofanoa2@hhs.gov,"Cormier, Kunze and Conn",3419
LE-487-00618,OP-815-94854,LE-487-00618,OR-484-76692,cpanimana3@state.gov,Zemlak and Sons,5765
LE-831-13084,OP-801-91297,LE-831-13084,OR-850-13218,fgraveneya4@networksolutions.com,Cruickshank-Becker,3679
LE-569-96218,OP-465-48379,LE-569-96218,OR-553-68022,dstuttmana5@cnbc.com,"Dooley, Bartell and Donnelly",7551
LE-000-49444,OP-264-70974,LE-000-49444,OR-306-45250,ihardmana6@soundcloud.com,"Willms, Hayes and Okuneva",4365
LE-565-13499,OP-455-16982,LE-565-13499,OR-223-39115,glandrea7@ucoz.ru,Jast and Sons,8971
LE-038-42520,OP-466-47299,LE-038-42520,OR-716-27856,hrobberta8@cnet.com,Rippin Group,5664
LE-416-68209,OP-255-09570,LE-416-68209,OR-040-05695,deckharda9@bigcartel.com,Boyer-Nicolas,3498
LE-022-87784,OP-217-21829,LE-022-87784,OR-909-71954,droycroftaa@google.nl,Grant-Corwin,4677
LE-375-38495,OP-220-80003,LE-375-38495,OR-370-76154,bdrayeab@webnode.com,"Cronin, Hudson and Ferry",5265
LE-643-83044,OP-256-47170,LE-643-83044,OR-553-58406,dgoaneac@surveymonkey.com,"Brown, Fisher and Kutch",5694
LE-032-76206,OP-414-43504,LE-032-76206,OR-422-01375,aokeevanad@intel.com,Hansen Inc,6101
LE-669-92150,OP-076-20815,LE-669-92150,OR-387-43742,jgoldaae@geocities.jp,Leannon Group,2672
LE-557-63693,OP-179-53475,LE-557-63693,OR-856-65664,jsandfordaf@rakuten.co.jp,"Stiedemann, Kunde and Pfannerstill",3153
LE-356-48065,OP-481-84399,LE-356-48065,OR-984-48834,ahuneag@ebay.com,Carter LLC,7832
LE-927-70080,OP-215-79822,LE-927-70080,OR-705-04803,jcockshutah@flickr.com,Gorczany LLC,8708
LE-034-66384,OP-117-19811,LE-034-66384,OR-992-43624,ccongdonai@aboutads.info,"Feil, Graham and Aufderhar",4940
LE-269-33100,OP-550-48679,LE-269-33100,OR-135-29334,btimothyaj@sun.com,"Waelchi, Osinski and Tromp",8077
LE-981-18906,OP-742-53826,LE-981-18906,OR-902-69443,aglenfieldak@google.fr,"Dickens, Wisozk and O'Kon",5456
LE-979-62166,OP-071-79051,LE-979-62166,OR-967-55401,nweitzelal@blogspot.com,Kris and Sons,8339
LE-653-89497,OP-836-38290,LE-653-89497,OR-918-07248,istathoram@mit.edu,Huel-Murphy,2490
LE-338-20842,OP-275-00388,LE-338-20842,OR-591-83936,adalgardnoan@wiley.com,Cormier and Sons,5676
LE-188-90788,OP-044-14664,LE-188-90788,OR-460-23805,tleedao@arizona.edu,"Klocko, Goyette and Mills",6298
LE-162-59780,OP-743-87933,LE-162-59780,OR-299-14016,njanczakap@google.ru,"McKenzie, Armstrong and Connelly",6532
LE-134-10423,OP-560-75310,LE-134-10423,OR-058-41752,nakriggaq@domainmarket.com,"Daugherty, D'Amore and Baumbach",5593
LE-545-23247,OP-634-32879,LE-545-23247,OR-153-06904,mkerbeyar@cisco.com,Monahan-Hills,3891
LE-596-94068,OP-557-99288,LE-596-94068,OR-894-38268,aocurranas@independent.co.uk,Langworth-Tremblay,4688
LE-102-32018,OP-913-35288,LE-102-32018,OR-217-35969,iwarbyat@npr.org,"Grady, Mayer and Toy",4329
LE-056-65028,OP-430-28531,LE-056-65028,OR-875-29263,bbradaneau@alexa.com,Kunze and Sons,8360
LE-013-22955,OP-205-87872,LE-013-22955,OR-844-44811,wrannaldav@businessinsider.com,Sporer-Barton,3261
LE-338-40749,OP-781-94985,LE-338-40749,OR-702-98837,cmccoughanaw@cyberchimps.com,Brown-Smitham,4922
LE-959-72549,OP-993-98742,LE-959-72549,OR-995-82049,ahoodlessax@state.gov,Mosciski-Morissette,3691
LE-741-32746,OP-140-54476,LE-741-32746,OR-773-07882,aclueay@apple.com,Keebler and Sons,6252
LE-834-07992,OP-795-23741,LE-834-07992,OR-508-38799,hmonkaz@chron.com,Lueilwitz-Considine,7440
LE-311-32841,OP-065-21749,LE-311-32841,OR-852-38102,gemmettb0@ask.com,Stark LLC,8692
LE-905-93435,OP-648-81945,LE-905-93435,OR-816-56357,nmoncasterb1@nytimes.com,Hauck Group,1991
LE-158-67714,OP-651-79755,LE-158-67714,OR-586-02047,lcoarserb2@topsy.com,"Metz, Feil and Schmidt",5513
LE-496-44867,OP-664-71262,LE-496-44867,OR-430-69209,zsmothb3@yellowbook.com,"Pfannerstill, Steuber and Waelchi",6399
