Lead_ID,Opp_ID,Account_ID,Orgnisation,Phone,City,Full Name,Email ID
LE-649-64477,OP-623-96308,ACC-194-38176,Lang-Frami,(+353)-751674208,Belfast,Virgie Johansen,mnern0@qq.com
LE-624-41567,OP-399-11979,ACC-269-25387,Mohr and Sons,(+353)-890724739,Cork,Raina Raffon,fpannaman1@twitter.com
LE-545-64581,OP-519-82920,ACC-385-92281,"Hodkiewicz, King and Herman",(+353)-589395546,Maynooth,Clementina O'Dogherty,enorres2@hostgator.com
LE-732-31829,OP-741-18581,ACC-525-64429,Gorczany-Paucek,(+353)-331688486,Galway,Sapphira Bussey,cwillwood3@npr.org
LE-105-96425,OP-601-86491,ACC-087-41107,"Leannon, Wolff and Considine",(+353)-920062123,Dublin,Maryl Zavittieri,lnewland4@sphinn.com
LE-329-84674,OP-880-37727,ACC-245-73916,Glover-Ferry,(+353)-228366409,Galway,Bevan Jadczak,benrrico5@barnesandnoble.com
LE-902-37367,OP-536-98285,ACC-796-10653,Wilderman LLC,(+353)-635470035,Dublin,Ragnar Lidgard,kbillingsly6@diigo.com
LE-424-04805,OP-494-77902,ACC-498-13602,Greenfelder-Roob,(+353)-961710178,Maynooth,Zenia Lecount,ddannohl7@ed.gov
LE-145-52952,OP-620-00251,ACC-379-28055,Gutmann and Sons,(+353)-271994359,Galway,Pete Shelsher,cholton8@pcworld.com
LE-472-97423,OP-185-36300,ACC-235-38769,Larkin and Sons,(+353)-098416531,Cork,Ritchie Pickrell,kpursglove9@about.me
LE-111-93864,OP-909-71106,ACC-795-26820,Cartwright-Nicolas,(+353)-153626919,Cork,Cherry Anderbrugge,ameadsa@google.it
LE-975-14844,OP-057-58881,ACC-157-17191,Sawayn-Johnson,(+353)-076349668,Maynooth,Loutitia Battleson,nderrickb@reference.com
LE-919-49056,OP-299-31822,ACC-204-52309,Conroy Inc,(+353)-538064158,Belfast,Hermina Purslow,rrothermelc@reddit.com
LE-005-78221,OP-655-64511,ACC-606-61843,Greenholt Inc,(+353)-267128826,Dublin,Curt Hastings,rbernadzkid@dell.com
LE-013-51538,OP-512-43854,ACC-565-50415,"Kirlin, Morar and D'Amore",(+353)-718269126,Maynooth,Lauree Grinin,csweatlande@miibeian.gov.cn
LE-067-43561,OP-099-36134,ACC-336-27562,Ratke-Sporer,(+353)-098315323,Limerick,Hube Ubsdell,yleslyf@cbslocal.com
LE-901-85325,OP-694-63575,ACC-423-39999,"Carter, Glover and Russel",(+353)-005831406,Limerick,Antons Hucquart,olinting@barnesandnoble.com
LE-609-90176,OP-426-08942,ACC-177-06725,"Hauck, Muller and Hickle",(+353)-411215296,Cork,Gage Crooke,ebullickh@springer.com
LE-160-94957,OP-701-60440,ACC-990-33123,Hartmann-Schiller,(+353)-381639704,Dublin,Grethel Arrighetti,pdovermanni@un.org
LE-866-93731,OP-106-57458,ACC-710-43093,"Gorczany, Kilback and Weissnat",(+353)-391746971,Galway,Ronica Caistor,bbelleej@ucsd.edu
LE-527-68484,OP-573-65066,ACC-493-89285,"Nicolas, Cormier and Larson",(+353)-852680443,Dublin,Angus Scoterbosh,kgoulbornk@pcworld.com
LE-520-31489,OP-190-88624,ACC-925-39884,"Daniel, Legros and Kuhic",(+353)-468535048,Belfast,Mirabelle Wymer,cfairlambl@theguardian.com
LE-546-37664,OP-203-25228,ACC-072-68130,"Fahey, Beier and Walker",(+353)-967608428,Belfast,Porty Sandiford,amalserm@privacy.gov.au
LE-989-94065,OP-167-28753,ACC-276-12920,Doyle-Deckow,(+353)-394474452,Limerick,Camellia Scrymgeour,rbaiken@aol.com
LE-999-57359,OP-396-33882,ACC-014-25018,Kiehn-Jaskolski,(+353)-089036177,Dublin,Pet Lince,yatleyo@ucla.edu
LE-420-65831,OP-550-02479,ACC-095-74673,Aufderhar Group,(+353)-418086896,Cork,Nicolas Wipper,ecarbryp@dot.gov
LE-510-97463,OP-326-78886,ACC-285-44564,Stokes LLC,(+353)-120994953,Galway,Bessy Marrow,ncanonq@rediff.com
LE-343-39852,OP-134-15669,ACC-268-09793,Medhurst-Swaniawski,(+353)-546082253,Belfast,Verla Richings,jmullineuxr@amazon.co.jp
LE-002-93531,OP-855-54733,ACC-619-62495,Kris LLC,(+353)-575979144,Dublin,Abran MacCurtain,oconichies@tripadvisor.com
LE-495-57510,OP-477-96962,ACC-898-09050,"Mante, Mueller and Kohler",(+353)-849287179,Dublin,Daisie Zecchinii,jstellet@auda.org.au
LE-411-89917,OP-919-88418,ACC-983-90962,Ziemann-Roberts,(+353)-736803939,Galway,Forbes Gerge,amenelawsu@ifeng.com
LE-209-71476,OP-545-39039,ACC-000-01940,O'Connell Group,(+353)-156844024,Limerick,Starr Haslegrave,mpolinov@moonfruit.com
LE-869-87060,OP-462-95865,ACC-205-30391,"Halvorson, Schamberger and Fahey",(+353)-305253821,Maynooth,Julita Casoni,klaniganw@indiatimes.com
LE-276-19277,OP-723-18152,ACC-288-32037,Roob-Konopelski,(+353)-906939053,Limerick,Tallou Yuryev,kkearsx@army.mil
LE-061-34019,OP-461-75446,ACC-110-58737,Mueller and Sons,(+353)-993652301,Limerick,Ad Gatman,mlammerichy@jiathis.com
LE-610-79245,OP-020-49837,ACC-217-35544,Brown Inc,(+353)-830210968,Limerick,Augustina Woodfine,atoffaloz@mapquest.com
LE-756-35800,OP-243-03808,ACC-207-44926,"Labadie, Greenholt and Fisher",(+353)-510967927,Belfast,Holly Rennox,btearle10@netscape.com
LE-622-31682,OP-042-93196,ACC-408-41387,Predovic Inc,(+353)-907104782,Dublin,Garvey Benech,jsheraton11@wikimedia.org
LE-032-10156,OP-883-25182,ACC-561-17626,Hickle Group,(+353)-663571437,Cork,Marcile Girvin,flewsley12@microsoft.com
LE-182-72801,OP-439-09460,ACC-618-69401,"Jacobi, Lueilwitz and Aufderhar",(+353)-669821690,Maynooth,Frederico Jedrasik,rphillput13@macromedia.com
LE-975-60308,OP-758-77201,ACC-399-46985,"Cronin, Kirlin and Leannon",(+353)-070117441,Belfast,Dominik Becconsall,atapson14@cornell.edu
LE-782-28828,OP-284-99124,ACC-487-99588,Blanda-Gutmann,(+353)-366875822,Limerick,Jacquenetta Heliet,dcleghorn15@buzzfeed.com
LE-762-25161,OP-396-63011,ACC-225-96413,Toy-Lind,(+353)-965686721,Dublin,Ernestus Syrie,mkinglake16@state.gov
LE-765-12438,OP-896-43831,ACC-586-66147,Kling and Sons,(+353)-308626828,Limerick,Romain Springtorpe,gleverette17@shutterfly.com
LE-627-26290,OP-839-50282,ACC-450-33332,"Schumm, Mohr and King",(+353)-957956699,Dublin,Feliza Ferney,cdunbavin18@oakley.com
LE-321-82256,OP-593-86573,ACC-344-77680,Mitchell-Stehr,(+353)-461008379,Dublin,Urbanus Noury,zmatuska19@umich.edu
LE-469-62489,OP-328-16893,ACC-857-26939,"Bednar, Schulist and Lesch",(+353)-405534872,Belfast,Max Hendren,froger1a@oaic.gov.au
LE-618-87751,OP-378-21142,ACC-032-59496,Howe-O'Kon,(+353)-085018239,Belfast,Jaimie Reames,ihaigh1b@skype.com
LE-227-40045,OP-817-75325,ACC-252-15220,Fadel Group,(+353)-701257094,Dublin,Madelene Galler,ashere1c@quantcast.com
LE-703-24127,OP-620-06155,ACC-134-08700,"Ankunding, Block and White",(+353)-178357075,Belfast,Howie Golden of Ireland,lbulfoot1d@narod.ru
LE-700-21462,OP-654-85094,ACC-949-27413,"Osinski, Reinger and Denesik",(+353)-053473020,Belfast,Moyra Ortmann,jcuesta1e@usgs.gov
LE-440-18406,OP-901-54326,ACC-396-11419,Nolan Group,(+353)-997681787,Limerick,Theadora Winsiowiecki,jmellmoth1f@businesswire.com
LE-733-46845,OP-505-04151,ACC-040-72318,Jaskolski Inc,(+353)-418960667,Maynooth,Zia Amphlett,udeandreis1g@hibu.com
LE-437-49570,OP-374-10068,ACC-130-29266,Erdman Group,(+353)-426876590,Maynooth,Terri Cairney,bwessel1h@indiatimes.com
LE-505-01603,OP-117-07444,ACC-648-39466,"Koepp, Kirlin and Koepp",(+353)-914215524,Cork,Reeva Wiffen,lweymont1i@typepad.com
LE-845-62947,OP-154-17690,ACC-335-80182,Cruickshank-Langosh,(+353)-673371027,Galway,Cyrillus Weiss,swalsh1j@technorati.com
LE-796-49566,OP-192-31147,ACC-397-40815,"O'Conner, DuBuque and Robel",(+353)-208259977,Dublin,Cull Branchett,cbambrick1k@marriott.com
LE-141-78854,OP-575-35504,ACC-850-30115,"Rolfson, Wisoky and Rolfson",(+353)-784173236,Cork,Harbert Siggers,tox1l@google.it
LE-261-39177,OP-930-75109,ACC-262-26034,"Aufderhar, Dickinson and Block",(+353)-391929134,Belfast,Westbrooke Joscelyn,vmeechan1m@patch.com
LE-077-89702,OP-847-04456,ACC-582-81002,"Schmeler, Swift and Koelpin",(+353)-457626932,Cork,Lisle Glentz,hfinlater1n@infoseek.co.jp
LE-059-66978,OP-651-32408,ACC-783-34517,Deckow Group,(+353)-900962618,Limerick,Ario Merwede,bmatthias1o@w3.org
LE-698-30431,OP-139-76486,ACC-259-83670,Graham-Orn,(+353)-783822813,Belfast,Alfonso Ruppeli,ogrindley1p@illinois.edu
LE-270-05758,OP-743-28865,ACC-158-48589,Hintz LLC,(+353)-606052658,Limerick,Min Neligan,nelcock1q@gmpg.org
LE-101-05684,OP-348-73691,ACC-929-86352,Wiegand Group,(+353)-887142985,Dublin,Saleem Dalziell,jfenelow1r@ameblo.jp
LE-531-83890,OP-510-97894,ACC-954-07476,Farrell-Deckow,(+353)-790253630,Dublin,Sydel Reany,gbarca1s@answers.com
LE-880-73510,OP-911-10001,ACC-313-91080,"Reynolds, Baumbach and Herzog",(+353)-520190608,Dublin,Yorker McGavin,mstopps1t@cargocollective.com
LE-307-09746,OP-001-57918,ACC-622-59510,Huels and Sons,(+353)-240882737,Galway,Arabella Proschke,bmazdon1u@indiatimes.com
LE-323-93712,OP-379-94243,ACC-385-21878,"Veum, Prosacco and Crooks",(+353)-023153302,Belfast,Lenci Lambin,btevlin1v@sciencedaily.com
LE-019-11795,OP-670-66003,ACC-995-62063,Ritchie-Waters,(+353)-958646832,Cork,Zarah Snoddon,fsigward1w@si.edu
LE-458-62752,OP-959-34564,ACC-802-43129,"Collier, Olson and Dare",(+353)-544222345,Maynooth,Ema Suett,cvernazza1x@bing.com
LE-489-40432,OP-674-58966,ACC-762-27245,"Williamson, Frami and Homenick",(+353)-277465660,Dublin,Polly Fassam,emacvey1y@go.com
LE-072-44875,OP-897-26993,ACC-638-24511,Mohr-Collier,(+353)-069675602,Dublin,Ruggiero Schapero,agiabucci1z@vk.com
LE-395-63919,OP-935-50029,ACC-541-90094,Ortiz and Sons,(+353)-415167894,Belfast,Chaim Exeter,gtoope20@cnbc.com
LE-316-10153,OP-507-28202,ACC-283-42290,"Predovic, Marvin and Lynch",(+353)-829078060,Maynooth,Danita Brightey,ldoutch21@live.com
LE-498-77966,OP-048-81726,ACC-881-50175,Olson and Sons,(+353)-311976112,Cork,Meaghan Viscovi,cwhyley22@si.edu
LE-023-24871,OP-329-65834,ACC-566-59463,"Waters, Satterfield and King",(+353)-572397199,Galway,Shaw Taynton,aruston23@skyrock.com
LE-507-80618,OP-278-10695,ACC-110-91664,"Walker, Heller and Labadie",(+353)-801867452,Maynooth,Hildagarde Vasiltsov,rcovolini24@hostgator.com
LE-416-68931,OP-115-19232,ACC-929-66434,"Hoeger, Monahan and Krajcik",(+353)-368082716,Dublin,Ashton Ferraro,jfabbri25@studiopress.com
LE-046-04617,OP-623-53363,ACC-599-82710,Abernathy Inc,(+353)-175283393,Belfast,Kati Junifer,ltriebner26@globo.com
LE-912-88663,OP-327-65902,ACC-073-45297,Homenick-Brekke,(+353)-210323934,Galway,Sandi Chiplin,otoplin27@sourceforge.net
LE-262-94269,OP-534-54458,ACC-726-85251,Adams-Johnston,(+353)-111660193,Dublin,Gwendolen Marre,mpilipyak28@independent.co.uk
LE-334-20468,OP-220-82559,ACC-422-96537,"Welch, Lynch and Schulist",(+353)-982392689,Limerick,Vidovic Uvedale,ecollomosse29@bloomberg.com
LE-210-03699,OP-697-75052,ACC-059-92323,Ryan LLC,(+353)-659815990,Dublin,Judye Maskell,egare2a@independent.co.uk
LE-257-39950,OP-382-22607,ACC-730-80684,"Gottlieb, Schulist and Hettinger",(+353)-288461359,Maynooth,Nicolas Klimentyonok,vbrackley2b@bandcamp.com
LE-602-89807,OP-359-71019,ACC-437-63992,"Heidenreich, Stoltenberg and Larson",(+353)-811687470,Cork,Lanny Crosthwaite,wkordas2c@cocolog-nifty.com
LE-616-98694,OP-678-44721,ACC-734-08822,"Kuvalis, Dickinson and Upton",(+353)-621417027,Dublin,Anstice Laugier,lpetheridge2d@zdnet.com
LE-371-86885,OP-635-63723,ACC-915-06138,"Stokes, Quitzon and Brakus",(+353)-230122028,Galway,Hilary Wrightham,mgosnall2e@surveymonkey.com
LE-057-33509,OP-072-47649,ACC-253-84537,McCullough-Harris,(+353)-610805237,Maynooth,Fancy Cullerne,riamittii2f@sourceforge.net
LE-778-35078,OP-558-12413,ACC-535-97085,"Hauck, Hermann and Hilll",(+353)-233340159,Dublin,Luke Warrier,tnorgan2g@com.com
LE-246-86695,OP-223-53002,ACC-459-89758,"O'Hara, Osinski and Heathcote",(+353)-638069546,Maynooth,Tally Vizor,bbudgett2h@opera.com
LE-869-61807,OP-443-58428,ACC-748-67215,"Dietrich, Dach and Hoeger",(+353)-332248594,Belfast,Honor Kment,dstores2i@yahoo.com
LE-580-40184,OP-463-93410,ACC-320-11785,Balistreri and Sons,(+353)-957006182,Maynooth,Neale Collimore,clightollers2j@theglobeandmail.com
LE-753-33736,OP-396-97782,ACC-865-88053,"Goldner, Torp and White",(+353)-944658681,Belfast,Karoly Dowzell,ataks2k@ft.com
LE-785-56609,OP-971-04178,ACC-901-94624,Kiehn and Sons,(+353)-575848811,Dublin,Leora Fiveash,lroutham2l@google.fr
LE-837-84795,OP-732-87014,ACC-732-33017,Kautzer Group,(+353)-152683102,Dublin,Mireille Pettengell,bgeorgievski2m@tuttocitta.it
LE-955-75144,OP-317-04297,ACC-830-21587,"Erdman, Lowe and Lind",(+353)-412835949,Cork,Aprilette Piercy,zdouthwaite2n@creativecommons.org
LE-950-27056,OP-458-36175,ACC-347-84228,Osinski-Beahan,(+353)-717828106,Galway,Jeremias Birkwood,jhemms2o@ucoz.com
LE-775-68902,OP-252-49451,ACC-663-96683,Nienow Inc,(+353)-839973196,Limerick,Denver Hymor,abonhan2p@etsy.com
LE-999-17064,OP-554-06289,ACC-169-57690,"Lemke, Hettinger and Quitzon",(+353)-271353058,Galway,Sidonnie Last,nfosken2q@tmall.com
LE-642-08029,OP-417-58721,ACC-203-17691,Baumbach Inc,(+353)-552396860,Maynooth,Cherilyn Tidcombe,ccardenas2r@lulu.com
LE-755-17619,OP-899-50702,ACC-019-68789,White-Kertzmann,(+353)-633167126,Cork,Shena Blagburn,zdaniell2s@google.com.au
LE-658-24004,OP-515-16359,ACC-048-32172,"Upton, Wiegand and Greenholt",(+353)-619916758,Galway,Aylmar Curedale,gjerdon2t@redcross.org
LE-139-07913,OP-614-97367,ACC-874-77409,Romaguera-Rau,(+353)-544095976,Maynooth,Leicester Amberg,wgillean2u@amazon.co.jp
LE-664-39706,OP-790-74880,ACC-939-71398,Klocko-Hettinger,(+353)-655743848,Cork,Madelena Monksfield,rchong2v@dot.gov
LE-198-70744,OP-253-72217,ACC-269-96885,Haley-Spinka,(+353)-660112054,Belfast,Kylie Calder,ewiffield2w@lycos.com
LE-448-76136,OP-418-89810,ACC-652-23820,"Kessler, Kuphal and Weissnat",(+353)-748433114,Limerick,Woodrow Sudlow,afevers2x@amazon.co.jp
LE-224-55239,OP-445-98234,ACC-090-78685,Yundt and Sons,(+353)-571112426,Cork,Penny Insall,ldodsworth2y@walmart.com
LE-728-28871,OP-310-75002,ACC-927-43585,Jakubowski-Bahringer,(+353)-679521131,Cork,Alfie Chmiel,zbienvenu2z@redcross.org
LE-011-75962,OP-719-02886,ACC-608-47637,McDermott and Sons,(+353)-752187725,Cork,Stoddard Bront,rpatershall30@toplist.cz
LE-594-24178,OP-082-91743,ACC-387-41236,Swaniawski and Sons,(+353)-647004391,Dublin,Johnna Fermin,brushbrook31@amazon.de
LE-574-07920,OP-432-86029,ACC-206-62171,Conn Inc,(+353)-139850798,Limerick,Lynnette Coale,crodgier32@tinypic.com
LE-890-17847,OP-583-22762,ACC-683-99436,"Krajcik, Hodkiewicz and Roberts",(+353)-900006923,Maynooth,Lock Bridle,ubiddlestone33@samsung.com
LE-976-03759,OP-240-42826,ACC-641-95570,"Luettgen, Prosacco and Witting",(+353)-347991814,Limerick,Eward Bunning,aswafford34@live.com
LE-288-43954,OP-271-90256,ACC-465-51527,"Mante, Welch and Prohaska",(+353)-165214052,Galway,Laurene Boughtflower,mblanckley35@pen.io
LE-676-91388,OP-626-30135,ACC-761-93772,Little and Sons,(+353)-024144245,Dublin,Boyce Divall,kgwilt36@goo.gl
LE-978-85880,OP-109-71615,ACC-430-85660,Buckridge Inc,(+353)-560001948,Belfast,Cory Vynoll,maglione37@hubpages.com
LE-997-37260,OP-565-41694,ACC-641-10820,Braun-Swift,(+353)-045272346,Cork,Liz Middlemiss,nmound38@163.com
LE-469-78382,OP-864-54079,ACC-447-75830,Gutmann-Mante,(+353)-947650938,Galway,Kurt Kenelin,edulinty39@google.cn
LE-930-35387,OP-259-02957,ACC-515-28144,"Nitzsche, Fay and Orn",(+353)-688834739,Dublin,Bartie O'Dowd,rtidey3a@pen.io
LE-025-51682,OP-357-89120,ACC-287-43168,Ebert-Kertzmann,(+353)-596643003,Dublin,Rollo Belford,memslie3b@weebly.com
LE-695-40110,OP-472-40667,ACC-202-04858,Veum and Sons,(+353)-162315879,Belfast,Nicolea McCreagh,chugueville3c@livejournal.com
LE-287-37447,OP-963-09004,ACC-748-58745,Cruickshank Group,(+353)-007195265,Dublin,Marice Pepi,lbowich3d@msu.edu
LE-741-09299,OP-535-20386,ACC-300-48091,"Conn, Kuhlman and Hahn",(+353)-406366382,Maynooth,Piotr Kemish,vmocker3e@prweb.com
LE-505-13769,OP-656-34832,ACC-590-88541,Crist Group,(+353)-171209033,Cork,Clarie Mordy,rhulles3f@apache.org
LE-318-76753,OP-750-12523,ACC-962-24215,Witting Inc,(+353)-093810873,Limerick,Dory Wanderschek,fivashinnikov3g@last.fm
LE-296-20046,OP-669-50828,ACC-817-90552,Daniel-Ondricka,(+353)-781287215,Limerick,Lanni Ely,mdobsons3h@addthis.com
LE-488-75781,OP-274-59561,ACC-395-32362,"Walter, Hahn and Welch",(+353)-141446909,Dublin,Tanhya Pegrum,scoronas3i@craigslist.org
LE-542-03260,OP-266-94379,ACC-623-43403,"Boehm, Rath and Hickle",(+353)-901086572,Dublin,Tully Mouncher,ipodd3j@homestead.com
LE-097-51152,OP-841-67751,ACC-551-67466,Koch LLC,(+353)-782281517,Cork,Petey Roderick,pgodber3k@adobe.com
LE-827-60643,OP-657-13129,ACC-741-72249,Watsica-Denesik,(+353)-392701290,Limerick,Jocelin Dayer,sfedder3l@de.vu
LE-755-31893,OP-924-62668,ACC-470-34572,"Crooks, Jaskolski and Weissnat",(+353)-897193841,Maynooth,Godfree Turbard,edarinton3m@wikipedia.org
LE-430-07047,OP-187-07254,ACC-462-64286,Lueilwitz LLC,(+353)-182463668,Galway,Reggie Ingerson,jlimpertz3n@uiuc.edu
LE-938-03414,OP-416-24460,ACC-187-26211,Reichert Inc,(+353)-708213751,Limerick,Cathryn Stennard,dmaureen3o@noaa.gov
LE-155-31961,OP-880-91448,ACC-056-30313,Koch Group,(+353)-339424501,Belfast,See Tombleson,mgaythwaite3p@ovh.net
LE-462-30414,OP-729-08511,ACC-518-81535,Abshire-Gottlieb,(+353)-721044618,Galway,Jorey Worthy,pvodden3q@guardian.co.uk
LE-097-98028,OP-810-99529,ACC-211-85358,Larson-Smitham,(+353)-404755344,Galway,Arny Coare,sbruhnke3r@opera.com
LE-075-69474,OP-327-30161,ACC-792-99733,Dibbert Group,(+353)-745992024,Galway,Merrily Bailes,ssunner3s@reddit.com
LE-534-91395,OP-497-83667,ACC-246-86261,"Schiller, Schuppe and Sporer",(+353)-338571174,Maynooth,Rex Hardaker,wrubin3t@friendfeed.com
LE-435-29339,OP-426-72589,ACC-427-39613,"Dare, Schimmel and Block",(+353)-514856858,Galway,Sylvester Acres,sklimpke3u@youtu.be
LE-580-82225,OP-790-64778,ACC-589-41647,Bergnaum-Anderson,(+353)-676804822,Galway,Bayard Swigg,mcoulthard3v@bigcartel.com
LE-912-44783,OP-594-90722,ACC-602-59866,"Berge, Bernhard and Hills",(+353)-639761056,Maynooth,Davis Beekmann,khatfull3w@miibeian.gov.cn
LE-359-38815,OP-107-59911,ACC-988-30747,Bahringer-Reinger,(+353)-641812442,Dublin,Starlin Bottini,cgaiford3x@gizmodo.com
LE-189-20706,OP-826-09910,ACC-748-93296,Schoen-Jacobi,(+353)-740197036,Maynooth,Marlow Lathom,lgoodricke3y@youtu.be
LE-067-67260,OP-637-36048,ACC-974-73889,Beatty-Kihn,(+353)-441910639,Cork,Calhoun Barthelemy,ndohms3z@theatlantic.com
LE-742-26048,OP-997-10606,ACC-842-29908,Bogan and Sons,(+353)-681070883,Dublin,Gino Feehan,tmerritt40@jugem.jp
LE-315-18053,OP-665-40054,ACC-085-84033,"Goodwin, Heathcote and Johns",(+353)-441390076,Cork,Johny Wiles,lbelli41@stumbleupon.com
LE-845-29468,OP-666-53802,ACC-543-06454,"Weimann, Fahey and Rice",(+353)-307659895,Limerick,Dominik Crowdace,nandrzejowski42@mail.ru
LE-088-05893,OP-806-26742,ACC-438-41538,Spinka Group,(+353)-079556880,Dublin,Gloria Fairhurst,bcharlewood43@wikia.com
LE-659-92278,OP-876-46119,ACC-106-00388,Gutkowski-Cormier,(+353)-525759849,Cork,Richardo Goad,jlanglands44@google.fr
LE-303-14149,OP-643-12020,ACC-977-70754,"Christiansen, Predovic and Johns",(+353)-478477691,Belfast,Michelle Bolstridge,rdadge45@ezinearticles.com
LE-574-38456,OP-921-40715,ACC-358-04101,Rau-Reichel,(+353)-573884772,Maynooth,Gaylor Fransewich,wwhellans46@comsenz.com
LE-938-30785,OP-764-72599,ACC-461-41002,Kautzer-Kuvalis,(+353)-558543919,Maynooth,Sybilla Milsted,lgreenhouse47@opensource.org
LE-633-43866,OP-316-17055,ACC-984-23395,"Adams, Morissette and Graham",(+353)-221479729,Belfast,Luis Robertsson,bbiggerstaff48@livejournal.com
LE-728-75459,OP-096-02950,ACC-789-63569,"Rath, Wuckert and Herman",(+353)-117838076,Limerick,Julieta Duffill,ceglese49@gmpg.org
LE-475-63639,OP-917-88601,ACC-237-84401,"Witting, Rolfson and Zemlak",(+353)-789358033,Limerick,Reinaldo Curwen,mmulkerrins4a@youku.com
LE-171-70189,OP-863-95599,ACC-531-53751,Pollich-Toy,(+353)-769185501,Dublin,Eada Eggle,gmeace4b@cocolog-nifty.com
LE-057-07100,OP-872-02491,ACC-509-54259,Tromp Inc,(+353)-921536822,Limerick,Angelique Eliot,gblakiston4c@creativecommons.org
LE-327-11184,OP-888-08374,ACC-726-72661,Sawayn-Sporer,(+353)-427873959,Cork,April Derdes,jvitte4d@usnews.com
LE-289-96584,OP-171-98288,ACC-580-92849,Schimmel LLC,(+353)-543865585,Dublin,Neala Paddick,pguilliatt4e@wordpress.com
LE-834-04990,OP-030-89826,ACC-256-27942,Nicolas LLC,(+353)-138558480,Galway,Lura Brucker,pbucklan4f@furl.net
LE-526-94045,OP-007-07662,ACC-547-80568,Hoeger-Swift,(+353)-887417140,Maynooth,Hermy Gourlie,ccurrin4g@ow.ly
LE-010-22559,OP-779-67528,ACC-768-73770,Wehner Group,(+353)-051745125,Cork,Micky Bate,mcummings4h@dmoz.org
LE-275-26346,OP-653-72845,ACC-532-15273,Reinger-Kreiger,(+353)-037061653,Galway,Rabi O'Doogan,dpauletti4i@angelfire.com
LE-855-43795,OP-558-12427,ACC-490-05233,Keeling-Kshlerin,(+353)-260275777,Cork,Truman Crolly,ckinnerley4j@odnoklassniki.ru
LE-491-23436,OP-678-37207,ACC-912-94870,"Gorczany, Crooks and Kilback",(+353)-880147573,Dublin,Augie Knoller,awentworth4k@friendfeed.com
LE-674-81231,OP-202-11971,ACC-405-61058,"Pacocha, Zulauf and Stroman",(+353)-599564798,Dublin,Erma Brandham,awaliszewski4l@webnode.com
LE-282-04060,OP-942-16600,ACC-976-03008,Pfannerstill Group,(+353)-267648190,Dublin,Othello Paskins,hheinzler4m@earthlink.net
LE-069-70680,OP-292-67190,ACC-173-31696,Robel and Sons,(+353)-762419450,Maynooth,Darcee Royan,tgarbert4n@about.com
LE-295-87741,OP-342-75617,ACC-779-95665,Kuphal-Hirthe,(+353)-567290011,Cork,Helene Dimock,nbuss4o@toplist.cz
LE-624-80821,OP-967-53485,ACC-666-20349,Boyer-Carter,(+353)-103280858,Limerick,Nancey Marzellano,mfrizzell4p@nydailynews.com
LE-164-35096,OP-460-93407,ACC-630-10391,Schulist-Wiza,(+353)-113733885,Cork,Rosaleen Venner,lscorton4q@delicious.com
LE-080-87900,OP-585-43224,ACC-431-98414,Borer Inc,(+353)-579729860,Cork,Pierette Grigor,bsnoddin4r@infoseek.co.jp
LE-087-87900,OP-085-64061,ACC-998-76350,Jones Inc,(+353)-663772500,Cork,Karel Bucklee,rcolisbe4s@jugem.jp
LE-177-41806,OP-186-92296,ACC-242-02509,"Wuckert, Bayer and Parker",(+353)-209028322,Limerick,Tallou Gummoe,aorridge4t@buzzfeed.com
LE-208-20902,OP-705-60693,ACC-839-55856,Predovic-Hansen,(+353)-229557697,Galway,Richie Hannon,dwistance4u@baidu.com
LE-094-22472,OP-649-49561,ACC-129-17379,Cronin-Baumbach,(+353)-907691924,Maynooth,Cassey Nattriss,fmccory4v@mail.ru
LE-079-62038,OP-367-93552,ACC-592-53471,Huels Inc,(+353)-406828891,Galway,Normand Dytham,jtofanelli4w@arizona.edu
LE-209-60948,OP-899-14471,ACC-719-55470,Metz-Oberbrunner,(+353)-778758703,Maynooth,Jobie Upcraft,rspurgin4x@acquirethisname.com
LE-337-79176,OP-283-34987,ACC-685-68006,"Bergstrom, Haley and Bogisich",(+353)-470697662,Galway,Jakob Shefton,ypoore4y@macromedia.com
LE-122-26649,OP-584-95499,ACC-910-80211,Brakus-Farrell,(+353)-234028696,Maynooth,Shayne Hallibone,ucasale4z@dailymotion.com
LE-395-96075,OP-557-86157,ACC-080-17510,Swaniawski Inc,(+353)-212940507,Belfast,Barnabe Cordero,sgoldie50@twitpic.com
LE-046-35620,OP-216-15305,ACC-801-76479,Wilderman LLC,(+353)-864569732,Limerick,Lennard Hedditch,ahaire51@chicagotribune.com
LE-679-69617,OP-491-59993,ACC-053-29929,Kuhn and Sons,(+353)-564410807,Galway,Grannie Orteu,dtommen52@tmall.com
LE-869-05486,OP-399-91268,ACC-980-39283,Abbott Inc,(+353)-060936640,Galway,Didi McCloch,hthrower53@wunderground.com
LE-015-48265,OP-797-83730,ACC-763-18520,"Pollich, Kshlerin and Mitchell",(+353)-033763696,Maynooth,Alyson Ginman,tgrieve54@apache.org
LE-171-86673,OP-484-56988,ACC-739-02751,Walker and Sons,(+353)-914141163,Maynooth,Mayer Geillier,nmcpeice55@newyorker.com
LE-178-42958,OP-666-96804,ACC-030-49780,"Greenfelder, Murphy and Osinski",(+353)-766775578,Maynooth,Gladys Langsdon,abulbrook56@craigslist.org
LE-624-97438,OP-719-91174,ACC-805-22535,Ernser LLC,(+353)-215889799,Cork,Rod Barbour,credolfi57@csmonitor.com
LE-150-39741,OP-800-19504,ACC-025-97986,"Wunsch, Rohan and Macejkovic",(+353)-542636583,Dublin,Marylinda Strother,nargile58@geocities.jp
LE-531-71972,OP-038-43167,ACC-419-76971,O'Hara-Reilly,(+353)-036610886,Limerick,Janet Aldwich,rnavarre59@hubpages.com
LE-349-39779,OP-524-60374,ACC-735-71555,"Hoppe, Baumbach and Bauch",(+353)-891377512,Limerick,Ameline Jephson,fcrudge5a@parallels.com
LE-687-84617,OP-555-25212,ACC-174-38268,Swaniawski-O'Keefe,(+353)-355206392,Maynooth,Vladimir Casellas,jchivers5b@ted.com
LE-756-96952,OP-247-66913,ACC-790-81914,Grant and Sons,(+353)-435037552,Belfast,Niven Islip,aestabrook5c@yahoo.co.jp
LE-648-12904,OP-409-28551,ACC-950-56267,Walsh-Schoen,(+353)-645252457,Cork,Claudina Reddyhoff,hzielinski5d@altervista.org
LE-139-32344,OP-106-05011,ACC-369-70254,Walter-Schoen,(+353)-857548336,Galway,Darryl Compfort,smacaleese5e@ocn.ne.jp
LE-187-61679,OP-618-76159,ACC-100-38873,Lang Group,(+353)-986539105,Cork,Cthrine Collin,eorme5f@noaa.gov
LE-885-97473,OP-097-17058,ACC-276-24733,Schoen-Herman,(+353)-506517211,Galway,Cecily Aronstein,yibert5g@accuweather.com
LE-419-52891,OP-216-69471,ACC-445-50951,Cruickshank-Kerluke,(+353)-187398480,Dublin,Carola Meijer,oinfantino5h@naver.com
LE-328-59845,OP-381-59784,ACC-514-97073,"Fisher, Stokes and Dooley",(+353)-852351954,Limerick,Lucais Mattsson,krattery5i@ifeng.com
LE-136-46588,OP-738-35542,ACC-315-50753,"Little, Corkery and Erdman",(+353)-573572708,Maynooth,Maren Halvosen,fiacapucci5j@hexun.com
LE-160-75923,OP-409-49714,ACC-274-17426,Hansen-Rempel,(+353)-795024823,Limerick,Helli Gillbe,fpetyankin5k@wikipedia.org
LE-200-31274,OP-931-18641,ACC-767-13150,Bins and Sons,(+353)-487485476,Belfast,Jobi Dendon,ajoutapaitis5l@stumbleupon.com
LE-396-32079,OP-107-54406,ACC-185-58808,Lynch Group,(+353)-393315518,Cork,Isabel Davitt,rprickett5m@deliciousdays.com
LE-430-65196,OP-576-46828,ACC-973-28829,Weissnat-VonRueden,(+353)-368762714,Cork,Joyann Brecon,nboulder5n@seesaa.net
LE-432-49850,OP-428-52390,ACC-137-09958,Crona-Corkery,(+353)-387577620,Galway,Henrik Siely,lguisby5o@google.co.jp
LE-526-26758,OP-619-35451,ACC-351-82647,Zemlak Inc,(+353)-041655993,Cork,Obie Wormell,jrollinshaw5p@drupal.org
LE-145-06665,OP-591-00905,ACC-473-16979,"O'Reilly, Aufderhar and Schimmel",(+353)-696928759,Galway,Georgeta Ecclestone,bdyet5q@4shared.com
LE-884-21668,OP-942-22281,ACC-973-54321,Bosco-Kirlin,(+353)-005948777,Galway,Deni Schwartz,egisburne5r@nifty.com
LE-311-57575,OP-914-70035,ACC-550-35488,"Weissnat, Kertzmann and Wilkinson",(+353)-846643009,Cork,Tersina Philler,gschapero5s@yelp.com
LE-926-37995,OP-541-91735,ACC-632-14959,Kilback-Barton,(+353)-733477729,Maynooth,Clemente Shoebotham,dknellen5t@timesonline.co.uk
LE-345-78910,OP-778-97639,ACC-830-58589,Sawayn-Ziemann,(+353)-950838005,Cork,Anastassia Chaldecott,blawther5u@over-blog.com
LE-998-95043,OP-742-50065,ACC-846-94665,Hoppe and Sons,(+353)-821466590,Dublin,Bobbette Gisbye,rmarshallsay5v@zdnet.com
LE-549-15901,OP-201-20314,ACC-840-73649,Cummerata and Sons,(+353)-033900125,Limerick,Evania Peascod,hchristie5w@github.com
LE-366-49769,OP-581-06058,ACC-618-53479,Walsh-Jenkins,(+353)-849707345,Maynooth,Dionysus Wilcot,bwoof5x@plala.or.jp
LE-363-89944,OP-724-76542,ACC-340-50521,"Gerlach, Keeling and Wisoky",(+353)-774863075,Dublin,Horst Tulloch,dheggadon5y@acquirethisname.com
LE-614-93922,OP-925-98194,ACC-055-42045,Emmerich-Hansen,(+353)-324640743,Maynooth,Roseanne Phebee,spirot5z@pagesperso-orange.fr
LE-314-17002,OP-881-10217,ACC-057-19850,Williamson LLC,(+353)-638463984,Galway,Pattie Dagon,awinch60@simplemachines.org
LE-143-10279,OP-438-99639,ACC-371-02967,"Turner, Ondricka and Hahn",(+353)-007010977,Cork,Sabra Arthey,jlorentz61@ebay.co.uk
LE-617-00946,OP-549-97449,ACC-461-93986,Nitzsche and Sons,(+353)-813354877,Limerick,Joyous Lawranson,awynch62@facebook.com
LE-285-00164,OP-667-17154,ACC-713-73611,"Hermiston, Abbott and Heller",(+353)-448017788,Belfast,Lelia Digwood,jtenpenny63@flickr.com
LE-567-58364,OP-055-61550,ACC-090-38105,Schuppe and Sons,(+353)-997652386,Maynooth,Abba Kellen,obolderson64@ted.com
LE-101-27039,OP-097-49449,ACC-318-30408,Effertz-Ondricka,(+353)-980312486,Galway,Giordano Brouard,lschonfeld65@apple.com
LE-289-94821,OP-146-67856,ACC-903-38222,"Heidenreich, Gulgowski and Gleichner",(+353)-049935044,Maynooth,Fredrika Shawe,mzoellner66@squidoo.com
LE-548-04403,OP-995-55801,ACC-986-59866,Douglas-Rempel,(+353)-238497092,Belfast,Danyette Springham,ssperring67@slashdot.org
LE-366-59554,OP-626-00527,ACC-105-44306,Koepp Group,(+353)-093974091,Limerick,Nonah Rosa,gmannin68@themeforest.net
LE-483-87549,OP-104-83536,ACC-886-16883,Renner-Rodriguez,(+353)-758511255,Dublin,Lev Saffle,lmoran69@bbb.org
LE-089-27874,OP-866-90910,ACC-124-20409,"Miller, Gislason and Fisher",(+353)-966592632,Limerick,Randene Dulin,lcaulket6a@squidoo.com
LE-599-84090,OP-436-31287,ACC-311-41066,Reynolds Group,(+353)-088775326,Cork,Niccolo Dart,rahmad6b@timesonline.co.uk
LE-058-28594,OP-844-53600,ACC-097-09016,"Sporer, Boyle and Schamberger",(+353)-946769199,Belfast,Tandi Windless,cwilliment6c@google.com.au
LE-976-08626,OP-561-95067,ACC-512-22008,Bruen and Sons,(+353)-776609070,Maynooth,Retha Lippett,tketteridge6d@npr.org
LE-061-58770,OP-602-29620,ACC-514-11808,"Mayer, Keebler and Wilderman",(+353)-355468882,Galway,Adriena MacIntyre,cpeakman6e@theguardian.com
LE-640-13969,OP-446-10663,ACC-878-23176,Bosco-Walker,(+353)-405653953,Belfast,Gardiner Vampouille,kgalland6f@ted.com
LE-608-85363,OP-158-11546,ACC-200-25155,Hermann Group,(+353)-981272283,Dublin,Annadiana Gonin,mricketts6g@google.com.au
LE-896-90441,OP-761-15886,ACC-463-44558,"Murazik, Waters and Jerde",(+353)-445638577,Belfast,Lotti Goodredge,wlamberts6h@bizjournals.com
LE-473-56229,OP-768-11760,ACC-648-93301,"McKenzie, Reichert and Hayes",(+353)-481663416,Belfast,Salem Januszewicz,mgirardi6i@pinterest.com
LE-863-74870,OP-012-87086,ACC-806-53067,Shanahan Group,(+353)-231198401,Galway,Xavier McGinnis,sgrimoldby6j@moonfruit.com
LE-074-46345,OP-715-00204,ACC-006-01388,"Nitzsche, Greenholt and Kshlerin",(+353)-110944365,Dublin,Natalie Watling,lcattenach6k@weebly.com
LE-963-81649,OP-273-54426,ACC-865-36592,"Schamberger, Bashirian and Fisher",(+353)-068579647,Galway,Tynan Goad,lbellay6l@foxnews.com
LE-792-36933,OP-956-20662,ACC-865-82845,Klocko LLC,(+353)-190695292,Belfast,Cosme Shave,heastman6m@answers.com
LE-809-48316,OP-172-06546,ACC-803-29110,Vandervort Group,(+353)-423407352,Cork,Corrinne Breem,sgreim6n@gov.uk
LE-181-33510,OP-168-56574,ACC-056-99417,Schinner Group,(+353)-636770555,Galway,Don Goudy,cmouan6o@redcross.org
LE-780-98810,OP-278-21979,ACC-907-46658,Olson LLC,(+353)-488394705,Cork,Fara Beddoes,gbyass6p@sun.com
LE-941-30818,OP-795-30200,ACC-079-90008,Brakus Inc,(+353)-047444719,Maynooth,Salomone Gerardot,iwellan6q@si.edu
LE-819-70638,OP-896-11272,ACC-358-40569,"Larkin, Schulist and Bergnaum",(+353)-483093790,Limerick,Mavis Enterlein,cstandeven6r@tumblr.com
LE-278-47881,OP-499-13436,ACC-387-16138,Beahan LLC,(+353)-781372472,Belfast,Deidre Barson,nomulderrig6s@chicagotribune.com
LE-941-61428,OP-418-81501,ACC-282-64069,Gislason Inc,(+353)-047307688,Limerick,Corinna Gueny,mkienl6t@slate.com
LE-355-91657,OP-652-22268,ACC-870-95215,Weimann and Sons,(+353)-479552427,Dublin,Daven Pescott,gmccathie6u@disqus.com
LE-906-58628,OP-863-28334,ACC-456-27451,Jacobs-Padberg,(+353)-064726363,Limerick,Chiquia Lampitt,maylott6v@home.pl
LE-177-11084,OP-349-99881,ACC-199-25416,Trantow-Stoltenberg,(+353)-968407941,Cork,Olag Edgworth,poganian6w@europa.eu
LE-310-39630,OP-626-77945,ACC-378-65806,Friesen-Witting,(+353)-621290483,Dublin,Joby Nassy,acastro6x@reuters.com
LE-460-77872,OP-288-69993,ACC-300-05138,Jacobson-Corwin,(+353)-287653151,Limerick,Dorey Aime,sabbotson6y@dell.com
LE-284-38456,OP-750-45426,ACC-794-33055,Lesch-Gaylord,(+353)-224770001,Cork,Eward Aphale,mspuffard6z@dropbox.com
LE-755-68328,OP-800-27286,ACC-908-76391,"Bailey, D'Amore and Lebsack",(+353)-600308777,Maynooth,Jesselyn Beisley,clovelace70@engadget.com
LE-611-44213,OP-688-12871,ACC-620-85349,Schmeler LLC,(+353)-761254735,Limerick,Leisha Cockrem,mwheeler71@imageshack.us
LE-970-04614,OP-356-87928,ACC-711-14320,"DuBuque, Jaskolski and Dickinson",(+353)-898294387,Limerick,Griswold Cullivan,gabrams72@alexa.com
LE-646-66505,OP-192-92511,ACC-875-57263,Schiller-Sanford,(+353)-877393417,Dublin,Jacynth Bartozzi,kgabbitus73@mac.com
LE-064-19703,OP-139-65491,ACC-818-45346,Wyman Inc,(+353)-651359699,Cork,Ariela Denington,alambertazzi74@sbwire.com
LE-067-54569,OP-684-04571,ACC-560-88067,Gutmann LLC,(+353)-710322659,Limerick,Vally Hannigan,skelner75@nps.gov
LE-446-63546,OP-481-16694,ACC-501-68918,Konopelski Group,(+353)-892054199,Maynooth,Quint Bartke,osimester76@huffingtonpost.com
LE-808-91467,OP-783-90146,ACC-629-73656,"Herzog, Schultz and Hansen",(+353)-170018157,Belfast,Wendye Boland,asabater77@apple.com
LE-518-02465,OP-700-47650,ACC-190-71430,"Yundt, Lesch and Welch",(+353)-713041645,Cork,Paxton Largan,amayze78@geocities.jp
LE-431-14401,OP-127-64366,ACC-101-50225,Weber Group,(+353)-936479011,Galway,Avictor Allott,wchafney79@comsenz.com
LE-648-36457,OP-819-91521,ACC-772-30656,Gerhold Group,(+353)-175331384,Limerick,Goran Greenly,tcuffe7a@oakley.com
LE-659-05775,OP-225-59725,ACC-043-80632,Green and Sons,(+353)-582617267,Maynooth,Glynn Suston,rargue7b@hhs.gov
LE-312-79291,OP-248-37812,ACC-223-41451,"Stamm, Johns and Kerluke",(+353)-786772409,Limerick,Yule Sutterfield,roffiler7c@usnews.com
LE-900-72216,OP-055-62710,ACC-221-32375,McCullough Group,(+353)-232543735,Maynooth,Seymour Clemerson,cbarter7d@nsw.gov.au
LE-935-61228,OP-394-92035,ACC-028-65111,"Rutherford, Roob and Abshire",(+353)-142064369,Limerick,Ermengarde Downer,bsine7e@microsoft.com
LE-050-54784,OP-884-82089,ACC-979-71957,"Abbott, Botsford and Rosenbaum",(+353)-335111436,Maynooth,Monro Southerell,sfirebrace7f@opera.com
LE-204-81005,OP-371-07697,ACC-471-88313,Larkin and Sons,(+353)-784193245,Maynooth,Celeste Lindenman,akehoe7g@odnoklassniki.ru
LE-677-35513,OP-192-02720,ACC-931-50572,Durgan Inc,(+353)-738518461,Dublin,Dusty Quinnell,fnyland7h@wiley.com
LE-039-18034,OP-461-31379,ACC-285-26604,Murazik-Sauer,(+353)-101886542,Belfast,Theadora Dimnage,gburwin7i@chron.com
LE-573-62156,OP-517-64735,ACC-565-79199,"Pfeffer, Treutel and Romaguera",(+353)-363285841,Dublin,Donelle Managh,jcucuzza7j@ezinearticles.com
LE-400-00938,OP-926-70313,ACC-780-18612,Hauck Inc,(+353)-588241584,Belfast,Brion Lavigne,lmcvie7k@independent.co.uk
LE-687-31261,OP-450-92581,ACC-593-48988,Heaney and Sons,(+353)-971630686,Galway,Sandy Lefort,jkinder7l@goodreads.com
LE-321-93618,OP-589-44070,ACC-925-05367,Rohan Group,(+353)-745956328,Cork,Barbaraanne Matussevich,chutchinges7m@ustream.tv
LE-880-18083,OP-550-10237,ACC-979-86974,Kling and Sons,(+353)-204902394,Limerick,Foster Yoxen,bpleuman7n@blogspot.com
LE-689-81895,OP-067-99520,ACC-389-24576,Zieme-Berge,(+353)-008733454,Maynooth,Raff Janecek,smackin7o@paypal.com
LE-211-64624,OP-712-45727,ACC-430-77010,"Stamm, Klocko and Towne",(+353)-957284160,Dublin,Ezmeralda Morrallee,drenowden7p@ycombinator.com
LE-131-43701,OP-150-17704,ACC-555-02564,Hirthe-Bergnaum,(+353)-205261909,Dublin,Maurizio Juden,mflanagan7q@etsy.com
LE-060-66697,OP-345-85087,ACC-832-39705,Waters Group,(+353)-854797366,Limerick,Carilyn Dreng,sflecknoe7r@phoca.cz
LE-201-79039,OP-375-38894,ACC-323-62258,Jenkins-Johnson,(+353)-048650897,Dublin,Xerxes Courtman,rcristofanini7s@phoca.cz
LE-980-15347,OP-432-40082,ACC-351-38134,"Beahan, Stiedemann and Boyer",(+353)-961828480,Dublin,Blondelle Odcroft,jlibbey7t@skyrock.com
LE-138-34900,OP-214-31962,ACC-240-91678,Ryan Group,(+353)-605743648,Cork,Katrinka Maudsley,bantushev7u@about.me
LE-585-12441,OP-449-39933,ACC-610-65893,"Koss, Ryan and Gerhold",(+353)-400835074,Belfast,Ameline Lipscomb,mghilardini7v@google.es
LE-069-34790,OP-574-09697,ACC-360-78486,Paucek-Berge,(+353)-393141902,Galway,Saunderson Busst,mbeecker7w@techcrunch.com
LE-763-87960,OP-220-26104,ACC-964-84695,Smitham and Sons,(+353)-072621711,Galway,Tillie Aldhouse,kbutting7x@vinaora.com
LE-708-29906,OP-091-85760,ACC-239-62723,Smith-Johnson,(+353)-078153352,Galway,Stirling Huntingford,mminichillo7y@europa.eu
LE-290-07273,OP-974-80190,ACC-959-35555,"Witting, Ondricka and Stark",(+353)-517318675,Belfast,Maggi Coupman,scadalleder7z@who.int
LE-330-15223,OP-312-45262,ACC-075-98861,Marquardt-Parker,(+353)-254984760,Maynooth,Jodi Beavan,blapping80@army.mil
LE-848-58063,OP-202-87377,ACC-770-27056,Kertzmann-Walter,(+353)-279191945,Belfast,Anstice Farrington,kibberson81@reddit.com
LE-191-01537,OP-006-06456,ACC-280-98549,Boehm LLC,(+353)-568584218,Belfast,Bertina Kmietsch,umorrallee82@dailymotion.com
LE-009-21016,OP-738-57701,ACC-040-51633,"Williamson, Cruickshank and Hauck",(+353)-658254300,Maynooth,Goober Shelborne,ajillitt83@comsenz.com
LE-790-50714,OP-862-57531,ACC-125-94939,Howell-Hackett,(+353)-215325771,Dublin,Maurita Sheals,mbatch84@fda.gov
LE-041-06577,OP-800-08222,ACC-543-19968,Jast LLC,(+353)-192877350,Cork,Nesta Baines,arevan85@arizona.edu
LE-050-91185,OP-936-56323,ACC-836-41782,"Goodwin, Stamm and Stiedemann",(+353)-055247817,Maynooth,Maribel Cubbon,wbowra86@thetimes.co.uk
LE-272-35866,OP-067-75990,ACC-824-06227,Heathcote Group,(+353)-151350438,Galway,Wayland McDavid,csouza87@bbc.co.uk
LE-365-72909,OP-617-67274,ACC-481-64215,"Treutel, Erdman and Casper",(+353)-652662954,Cork,Natalee Vitet,gblacker88@slashdot.org
LE-332-50205,OP-897-16381,ACC-441-25842,Adams Group,(+353)-912050624,Cork,Ambrosius Freeman,mbenwell89@delicious.com
LE-508-91209,OP-855-76542,ACC-740-21087,Schmitt LLC,(+353)-361739838,Galway,Damaris Arkle,cmariot8a@eventbrite.com
LE-177-00788,OP-025-35010,ACC-298-95061,Lynch-Emard,(+353)-875658457,Dublin,Bentley Pruvost,corr8b@fema.gov
LE-676-55062,OP-312-95388,ACC-283-34848,"Marquardt, Kovacek and McCullough",(+353)-680131217,Maynooth,Issie Matuszkiewicz,zjandourek8c@cpanel.net
LE-495-23061,OP-177-46357,ACC-212-18087,"Jaskolski, Rosenbaum and Stiedemann",(+353)-415797087,Cork,Early Ferreli,acowl8d@phoca.cz
LE-065-55585,OP-216-15004,ACC-820-40064,Schmeler LLC,(+353)-777131331,Maynooth,Odelia Stolberg,psummerell8e@state.gov
LE-858-07849,OP-426-92501,ACC-176-81296,Bashirian-Cummings,(+353)-181835946,Belfast,Robinette Horning,lslaght8f@weibo.com
LE-893-18197,OP-177-74668,ACC-397-91664,Senger-Goyette,(+353)-533381403,Limerick,Garrott Grocott,hnuttall8g@amazon.de
LE-345-35068,OP-958-42527,ACC-026-71266,"Wunsch, Rutherford and Donnelly",(+353)-473950817,Dublin,Packston Giacomucci,bkobel8h@hibu.com
LE-182-89898,OP-977-54021,ACC-905-99609,"Adams, Walsh and Wehner",(+353)-102546393,Cork,Charlot Killough,nbeverage8i@delicious.com
LE-200-77370,OP-501-42470,ACC-781-98008,Harvey LLC,(+353)-649374231,Maynooth,Sheffy Haensel,vbeckhouse8j@github.io
LE-847-16938,OP-084-55445,ACC-443-15933,Cummerata Group,(+353)-060840958,Maynooth,Cobb Folkes,dallnatt8k@hugedomains.com
LE-111-39239,OP-164-56926,ACC-464-82159,Schoen and Sons,(+353)-074259110,Cork,Hewet Eskriet,akimmince8l@ehow.com
LE-128-79912,OP-803-63612,ACC-530-66814,"Smith, Koepp and Durgan",(+353)-240735673,Limerick,Clarey Martinovic,rmockett8m@edublogs.org
LE-795-21311,OP-709-84314,ACC-748-54027,Smitham-O'Kon,(+353)-304907410,Cork,Ignazio Navaro,mbatters8n@istockphoto.com
LE-210-05102,OP-138-42455,ACC-270-11660,"Schneider, Satterfield and Littel",(+353)-378457277,Galway,Shurlock Harmstone,mlawton8o@angelfire.com
LE-075-20681,OP-309-10050,ACC-755-02813,Rodriguez-Medhurst,(+353)-484748905,Galway,Paulita Trigwell,epinching8p@unesco.org
LE-943-24847,OP-630-21908,ACC-094-98885,"Goyette, McGlynn and Kerluke",(+353)-534033547,Maynooth,Melodie McUre,gcasacchia8q@so-net.ne.jp
LE-526-32000,OP-833-93651,ACC-928-76501,"D'Amore, Ritchie and Schroeder",(+353)-431144766,Dublin,Feodor Kelloch,sberntssen8r@tamu.edu
LE-229-39215,OP-514-86762,ACC-358-75649,Lesch and Sons,(+353)-271884197,Galway,Joby Bentjens,cfanthome8s@ebay.co.uk
LE-137-80460,OP-898-59734,ACC-347-64692,"Tremblay, Koch and Wisoky",(+353)-230297743,Cork,Brad Gilbertson,csquire8t@chronoengine.com
LE-730-04445,OP-767-88762,ACC-549-25647,"Brown, Ebert and Hayes",(+353)-436442853,Galway,Sibel Skentelbery,ltremberth8u@pcworld.com
LE-100-86782,OP-539-40976,ACC-666-25949,"Tromp, Von and Erdman",(+353)-680625368,Maynooth,Mehetabel MacKnockiter,mmoens8v@jalbum.net
LE-927-94629,OP-011-72824,ACC-677-62733,"Wunsch, Lind and Hammes",(+353)-666602638,Maynooth,Violante Bracegirdle,sbalk8w@google.com.hk
LE-832-31455,OP-771-38205,ACC-858-13315,"Hintz, Kozey and Rowe",(+353)-562780155,Galway,Ardisj McLleese,shulburd8x@gov.uk
LE-757-21176,OP-576-65834,ACC-478-85133,Hilpert and Sons,(+353)-666679504,Maynooth,Madalena Hearl,lrubee8y@yandex.ru
LE-727-03422,OP-605-95789,ACC-804-31786,Cormier and Sons,(+353)-756589603,Belfast,Shurlocke Jackett,dshimwell8z@paginegialle.it
LE-800-80197,OP-838-97379,ACC-667-08805,Macejkovic and Sons,(+353)-574724088,Galway,Desiri Nitti,lsherringham90@nba.com
LE-058-16677,OP-024-35579,ACC-272-12152,"Doyle, Sanford and Vandervort",(+353)-886508347,Belfast,Kath Parcell,hbaudet91@google.com
LE-341-96020,OP-272-89077,ACC-216-08215,Corkery LLC,(+353)-687902651,Limerick,Merrie Stetson,ostode92@t.co
LE-052-64941,OP-097-91109,ACC-836-27259,Hyatt-Dach,(+353)-610024220,Galway,Stillman Dugdale,cjosephsen93@ifeng.com
LE-750-40982,OP-705-72934,ACC-342-79647,Cormier-Crooks,(+353)-114744217,Belfast,Selig Berkowitz,jmacmychem94@reverbnation.com
LE-809-15855,OP-098-71661,ACC-392-28814,Lang Inc,(+353)-609314585,Cork,Antonio Moryson,abasek95@soup.io
LE-248-59157,OP-313-06496,ACC-918-04393,Stoltenberg-Cruickshank,(+353)-339613136,Cork,Thorstein Hallward,iprescote96@redcross.org
LE-942-92604,OP-868-36115,ACC-267-85737,Denesik-Pouros,(+353)-447879283,Maynooth,Erda Grece,mrathe97@facebook.com
LE-231-21622,OP-367-67625,ACC-131-21581,Jones-Ebert,(+353)-583628454,Maynooth,Catherin Pietzner,kczajkowska98@topsy.com
LE-231-38187,OP-382-96338,ACC-957-82116,Padberg-Cassin,(+353)-244638947,Cork,Muffin Blackey,jsket99@cbc.ca
LE-744-05618,OP-699-52386,ACC-838-79877,Reichert Group,(+353)-287049987,Belfast,Carver Sparkes,acrang9a@jugem.jp
LE-886-95510,OP-064-65567,ACC-094-70638,"Price, Hettinger and Borer",(+353)-132364704,Dublin,Ibrahim Aylen,fcleere9b@nydailynews.com
LE-879-19590,OP-404-07921,ACC-413-85078,"Hudson, Doyle and Green",(+353)-103891422,Maynooth,Barton Salle,mromayn9c@instagram.com
LE-805-83231,OP-337-08800,ACC-802-27434,Gaylord-Wilderman,(+353)-225639326,Limerick,Peterus Benzing,oflower9d@ihg.com
LE-671-69053,OP-725-24334,ACC-455-11172,Romaguera-Konopelski,(+353)-147928940,Dublin,Sandro Winwood,ikosel9e@oracle.com
LE-816-70511,OP-552-80903,ACC-853-22156,Keebler-Thompson,(+353)-704849503,Limerick,Etty Silliman,tshambroke9f@nifty.com
LE-891-06876,OP-534-44600,ACC-917-82852,"King, McGlynn and Blanda",(+353)-061268985,Dublin,Clint Petzolt,tdziwisz9g@yolasite.com
LE-817-06235,OP-679-65896,ACC-552-57546,Schumm LLC,(+353)-116381207,Belfast,Herold Santacrole,ademke9h@hatena.ne.jp
LE-517-69631,OP-422-42652,ACC-551-71829,Boehm Group,(+353)-834828180,Galway,Ronni Harry,mstelljes9i@intel.com
LE-903-12531,OP-490-16655,ACC-885-31902,Parisian-Hoeger,(+353)-996218223,Dublin,Emelita Campagne,tsangwine9j@nhs.uk
LE-055-43651,OP-613-66439,ACC-962-97410,Gleichner Group,(+353)-387743198,Cork,Vitia Sorrell,bkidde9k@umich.edu
LE-002-41047,OP-041-75948,ACC-589-13461,Becker and Sons,(+353)-294744413,Dublin,Temp Vignal,cdefraine9l@pen.io
LE-396-62766,OP-465-65750,ACC-793-25702,Dibbert and Sons,(+353)-073626621,Cork,Rodrick Back,vlorek9m@sphinn.com
LE-717-32037,OP-172-56077,ACC-935-75376,Hintz-Dickinson,(+353)-951557176,Cork,Sara-ann Olenikov,rharpham9n@github.io
LE-849-74231,OP-838-38212,ACC-225-49342,"Hahn, Nicolas and Orn",(+353)-532381789,Cork,Jan Brabon,ghanburybrown9o@example.com
LE-423-72619,OP-634-66426,ACC-173-19170,Feil LLC,(+353)-222647963,Cork,Thayne Facey,ekinnett9p@e-recht24.de
LE-771-78120,OP-887-33042,ACC-336-27616,Vandervort-Crist,(+353)-048549681,Limerick,Libbie Jefford,wmacalpin9q@unblog.fr
LE-482-09441,OP-397-44083,ACC-378-03561,Medhurst Inc,(+353)-397833648,Galway,Bentley Pinner,gbennetto9r@imdb.com
LE-738-14030,OP-586-66143,ACC-447-48209,"Kling, Bergnaum and Trantow",(+353)-209487369,Cork,Erda McGahy,karchbould9s@techcrunch.com
LE-740-49425,OP-662-57112,ACC-931-28767,"Mayer, Sauer and Walter",(+353)-921234673,Galway,Eldridge O'Corr,kcheyne9t@over-blog.com
LE-410-85475,OP-313-24408,ACC-051-66256,Sawayn-Brakus,(+353)-409223301,Limerick,Zaneta McReynold,sradenhurst9u@icq.com
LE-417-71904,OP-523-52044,ACC-205-20032,Crona and Sons,(+353)-020018178,Galway,Kennie Scoffins,cjacmar9v@ucsd.edu
LE-892-30940,OP-295-78976,ACC-404-00142,Hagenes Inc,(+353)-257260983,Belfast,Damian Gentzsch,ahundal9w@google.de
LE-106-33428,OP-458-42879,ACC-221-71592,"Ernser, Koelpin and Jenkins",(+353)-296387148,Maynooth,Dorie Villaret,mgoodanew9x@myspace.com
LE-061-43889,OP-235-09585,ACC-134-45713,"Swaniawski, Kling and Braun",(+353)-151175165,Maynooth,Wilona Odby,sburman9y@cyberchimps.com
LE-231-03741,OP-836-16944,ACC-742-40104,Block Inc,(+353)-939785393,Galway,Merola Berick,trodrigues9z@pbs.org
LE-991-84235,OP-260-53656,ACC-898-24703,Mante-Greenfelder,(+353)-920174312,Maynooth,Jeddy Quincee,wtaysbila0@sina.com.cn
LE-677-70145,OP-293-95889,ACC-088-73756,Yost LLC,(+353)-310504191,Belfast,Theodoric Custard,jmckernana1@oakley.com
LE-770-02050,OP-656-70412,ACC-371-05688,"Cormier, Kunze and Conn",(+353)-702442047,Limerick,Thaddeus Lapslie,ltofanoa2@hhs.gov
LE-487-00618,OP-815-94854,ACC-453-40492,Zemlak and Sons,(+353)-686099441,Cork,Tierney Fogden,cpanimana3@state.gov
LE-831-13084,OP-801-91297,ACC-792-30274,Cruickshank-Becker,(+353)-644361826,Limerick,Lorain Denerley,fgraveneya4@networksolutions.com
LE-569-96218,OP-465-48379,ACC-827-68785,"Dooley, Bartell and Donnelly",(+353)-404019440,Maynooth,Merell Bustard,dstuttmana5@cnbc.com
LE-000-49444,OP-264-70974,ACC-960-05581,"Willms, Hayes and Okuneva",(+353)-789707790,Dublin,Noel Vandenhoff,ihardmana6@soundcloud.com
LE-565-13499,OP-455-16982,ACC-256-26661,Jast and Sons,(+353)-536221039,Limerick,Averil Calderhead,glandrea7@ucoz.ru
LE-038-42520,OP-466-47299,ACC-526-38960,Rippin Group,(+353)-109192331,Maynooth,Vannie Capini,hrobberta8@cnet.com
LE-416-68209,OP-255-09570,ACC-712-93268,Boyer-Nicolas,(+353)-488377968,Galway,Nat Menco,deckharda9@bigcartel.com
LE-022-87784,OP-217-21829,ACC-813-74508,Grant-Corwin,(+353)-836741676,Dublin,Heddi Simmons,droycroftaa@google.nl
LE-375-38495,OP-220-80003,ACC-333-79063,"Cronin, Hudson and Ferry",(+353)-960140450,Dublin,Herta Fenge,bdrayeab@webnode.com
LE-643-83044,OP-256-47170,ACC-554-19432,"Brown, Fisher and Kutch",(+353)-306131646,Limerick,Ninnetta Union,dgoaneac@surveymonkey.com
LE-032-76206,OP-414-43504,ACC-373-74171,Hansen Inc,(+353)-474184369,Limerick,Terry Southouse,aokeevanad@intel.com
LE-669-92150,OP-076-20815,ACC-846-09615,Leannon Group,(+353)-785069401,Galway,Marion Oakes,jgoldaae@geocities.jp
LE-557-63693,OP-179-53475,ACC-414-01172,"Stiedemann, Kunde and Pfannerstill",(+353)-147181448,Limerick,Florentia Ofer,jsandfordaf@rakuten.co.jp
LE-356-48065,OP-481-84399,ACC-504-32867,Carter LLC,(+353)-756958291,Maynooth,Rurik Chorley,ahuneag@ebay.com
LE-927-70080,OP-215-79822,ACC-623-29049,Gorczany LLC,(+353)-854704734,Maynooth,Melisenda Forrestall,jcockshutah@flickr.com
LE-034-66384,OP-117-19811,ACC-287-25543,"Feil, Graham and Aufderhar",(+353)-487763800,Belfast,Codi Coleborn,ccongdonai@aboutads.info
LE-269-33100,OP-550-48679,ACC-283-50587,"Waelchi, Osinski and Tromp",(+353)-859047441,Cork,Archibold Leven,btimothyaj@sun.com
LE-981-18906,OP-742-53826,ACC-677-59506,"Dickens, Wisozk and O'Kon",(+353)-843007202,Maynooth,Elora Sazio,aglenfieldak@google.fr
LE-979-62166,OP-071-79051,ACC-647-54062,Kris and Sons,(+353)-915747237,Belfast,Gran Damiata,nweitzelal@blogspot.com
LE-653-89497,OP-836-38290,ACC-835-81316,Huel-Murphy,(+353)-822578485,Belfast,Noah Carradice,istathoram@mit.edu
LE-338-20842,OP-275-00388,ACC-960-66314,Cormier and Sons,(+353)-946356751,Galway,Raynor Yesson,adalgardnoan@wiley.com
LE-188-90788,OP-044-14664,ACC-087-79552,"Klocko, Goyette and Mills",(+353)-713951238,Belfast,Elijah Silcock,tleedao@arizona.edu
LE-162-59780,OP-743-87933,ACC-033-28652,"McKenzie, Armstrong and Connelly",(+353)-970880262,Limerick,Celine Bruni,njanczakap@google.ru
LE-134-10423,OP-560-75310,ACC-327-19783,"Daugherty, D'Amore and Baumbach",(+353)-672286480,Limerick,Agnola Traise,nakriggaq@domainmarket.com
LE-545-23247,OP-634-32879,ACC-125-79223,Monahan-Hills,(+353)-169365053,Cork,Claybourne Phillpot,mkerbeyar@cisco.com
LE-596-94068,OP-557-99288,ACC-608-19173,Langworth-Tremblay,(+353)-563271025,Galway,Yuma Edworthie,aocurranas@independent.co.uk
LE-102-32018,OP-913-35288,ACC-734-04521,"Grady, Mayer and Toy",(+353)-102163235,Galway,Timotheus Scardifeild,iwarbyat@npr.org
LE-056-65028,OP-430-28531,ACC-625-97283,Kunze and Sons,(+353)-042202118,Galway,Ethe Treanor,bbradaneau@alexa.com
LE-013-22955,OP-205-87872,ACC-567-24316,Sporer-Barton,(+353)-801216131,Galway,Padraic Ivantsov,wrannaldav@businessinsider.com
LE-338-40749,OP-781-94985,ACC-071-27561,Brown-Smitham,(+353)-900540532,Maynooth,Helen-elizabeth Puckham,cmccoughanaw@cyberchimps.com
LE-959-72549,OP-993-98742,ACC-026-59905,Mosciski-Morissette,(+353)-001359501,Belfast,Fields Camlin,ahoodlessax@state.gov
LE-741-32746,OP-140-54476,ACC-559-16492,Keebler and Sons,(+353)-167430152,Cork,Farrel Kuhndel,aclueay@apple.com
LE-834-07992,OP-795-23741,ACC-383-80560,Lueilwitz-Considine,(+353)-703551962,Belfast,Caroline Krysiak,hmonkaz@chron.com
LE-311-32841,OP-065-21749,ACC-111-65276,Stark LLC,(+353)-466362978,Galway,Lita Duffus,gemmettb0@ask.com
LE-905-93435,OP-648-81945,ACC-281-50047,Hauck Group,(+353)-988440333,Cork,Neda Mapledoore,nmoncasterb1@nytimes.com
LE-158-67714,OP-651-79755,ACC-507-03094,"Metz, Feil and Schmidt",(+353)-042263979,Galway,Rosette Phelan,lcoarserb2@topsy.com
LE-496-44867,OP-664-71262,ACC-772-99527,"Pfannerstill, Steuber and Waelchi",(+353)-303523005,Galway,Collette Samwyse,zsmothb3@yellowbook.com
,,,,,,Wolfy Van Haeften,
,,,,,,Aleece Monteath,
,,,,,,Roderic Althorp,
,,,,,,Diego Cockran,
,,,,,,Arri Shovelton,
,,,,,,Jerri Jeacock,
,,,,,,Guglielmo Damato,
,,,,,,Esta Caudle,
,,,,,,Benji Quig,
,,,,,,Robby Daburn,
,,,,,,Mariann Simioli,
,,,,,,Wallas Cluet,
,,,,,,Kameko Dartnall,
,,,,,,Daphene Gosling,
,,,,,,Shelley Bertwistle,
,,,,,,Kimmie Olivas,
,,,,,,Herman Woolager,
,,,,,,Gun Sasser,
,,,,,,Meier Shirrell,
,,,,,,Uriah Lacy,
,,,,,,Lyndsey Meadus,
,,,,,,Claudian Veldman,
,,,,,,Terri-jo Codlin,
,,,,,,Orran Coulsen,
,,,,,,Nicola Benit,
,,,,,,Todd Merrell,
,,,,,,Aldon Crampin,
,,,,,,Maury Fasey,
,,,,,,Nellie Schlag,
,,,,,,Germayne Antoinet,
,,,,,,Herbie Boulder,
,,,,,,Reuven Spacie,
,,,,,,Marwin Neeson,
,,,,,,Aidan Lafranconi,
,,,,,,Fredia Andreutti,
,,,,,,Yanaton Bartolomeu,
,,,,,,Delia Yakobowitz,
,,,,,,Curran Hastings,
,,,,,,Gannon Ravenscroft,
,,,,,,Brad Hallam,
,,,,,,Koren Bywater,
,,,,,,Jesse Este,
,,,,,,Alphonse Yesenev,
,,,,,,Avie Leary,
,,,,,,Jacobo Vost,
,,,,,,Ashlan Goodhew,
,,,,,,Leroi Scaice,
,,,,,,Roxana Foldes,
,,,,,,Meriel Jermin,
,,,,,,Rainer MacIan,
,,,,,,Valina Hovey,
,,,,,,Lemmy Gare,
,,,,,,Carita Walhedd,
,,,,,,Freddie Chanders,
,,,,,,Ingram Gouldsmith,
,,,,,,Yoko Shotbolt,
,,,,,,Jill Sclater,
,,,,,,Abbey Alleyn,
,,,,,,Dre Sweetnam,
,,,,,,Merle Maskall,
,,,,,,Raffarty Kadd,
,,,,,,Kati Nerney,
,,,,,,Jasun Jennions,
,,,,,,Heall Denes,
,,,,,,Claire Fitch,
,,,,,,Adolph Faustin,
,,,,,,Valeda Kellard,
,,,,,,Roanna Antonognoli,
,,,,,,Humberto Snawdon,
,,,,,,Shurwood Huison,
,,,,,,Shep Casazza,
,,,,,,Dixie Spriggs,
,,,,,,Roana Rival,
,,,,,,Ferris Sprakes,
,,,,,,Madelon Marien,
,,,,,,Hunfredo Dumper,
,,,,,,Matthieu Kayne,
,,,,,,Birgit Goulding,
,,,,,,Andie Arter,
,,,,,,Bobinette Burdoun,
,,,,,,Sheila-kathryn Lambis,
,,,,,,Viviene McKea,
,,,,,,Bone Shreve,
,,,,,,Isaak Fearnyough,
,,,,,,Sandie Swanson,
,,,,,,Kiley Reedie,
,,,,,,Garey Gonnely,
,,,,,,Frederica McAuslene,
,,,,,,Ninette Ninnoli,
,,,,,,Thornton Gooly,
,,,,,,Horacio Abden,
,,,,,,Ethelda Haley,
,,,,,,Kylie Biset,
,,,,,,Christophe Ulyet,
,,,,,,Verla McKevitt,
,,,,,,Kris Wittier,
,,,,,,Freda Gudge,
,,,,,,Thomas Kamenar,
,,,,,,Gray Gherardi,
,,,,,,Patsy Blackett,
,,,,,,Marty Ramsay,
,,,,,,Katha Ciccottini,
,,,,,,Aleta Droogan,
,,,,,,Jessie Harrema,
,,,,,,Tedi Aaronson,
,,,,,,Normie Gouny,
,,,,,,Lucien Jerams,
,,,,,,Aggi Hildrew,
,,,,,,Rodger Lawleff,
,,,,,,Antonella Sumers,
,,,,,,Lib Wehner,
,,,,,,Benedick Sallnow,
,,,,,,Sandie Tosh,
,,,,,,Aeriel Duckham,
,,,,,,Ade Wandrach,
,,,,,,Reade Oxbrough,
,,,,,,Kale Bohlens,
,,,,,,Yule Caulton,
,,,,,,Kerr Echalier,
,,,,,,Ailina Larmor,
,,,,,,Odessa Rawnsley,
,,,,,,Gwyn Brisseau,
,,,,,,Carlin Gerauld,
,,,,,,Cobb Piper,
,,,,,,Cecilius Pactat,
,,,,,,Rubetta Petrello,
,,,,,,Keenan MacCrann,
,,,,,,Risa Rzehorz,
,,,,,,Chaunce Whitear,
,,,,,,Federico Feehely,
,,,,,,Harley Fosse,
,,,,,,Monte MacGarrity,
,,,,,,Thadeus Champerlen,
,,,,,,Marven Bonson,
,,,,,,Kristin Helliar,
,,,,,,Ellen Mawer,
,,,,,,Tori Jorgensen,
,,,,,,Muffin Gouldsmith,
,,,,,,Addy Spurnier,
,,,,,,Dennis Skegg,
,,,,,,Karlens Azam,
,,,,,,Ranee Hasson,
,,,,,,Birgit Caret,
,,,,,,Shelia Langworthy,
,,,,,,Erika Ffrench,
,,,,,,Nicoli Barbier,
,,,,,,Dru Cobley,
,,,,,,Carley Clingan,
,,,,,,Diarmid Arstingall,
,,,,,,Emmy Bruntje,
,,,,,,Urban Oddie,
,,,,,,Raleigh Stennett,
,,,,,,Mara Coomes,
,,,,,,Lucio Beartup,
,,,,,,Hilary Howels,
,,,,,,Ronna McLaren,
,,,,,,Terrel Burnyeat,
,,,,,,Abbe Axon,
,,,,,,Marcia Bowgen,
,,,,,,Lewie Halvosen,
,,,,,,Waldo Gilbank,
,,,,,,Royal Terbeck,
,,,,,,Rora Bayford,
,,,,,,Dew Peaker,
,,,,,,Bernard Bembridge,
,,,,,,Larine Treacher,
,,,,,,Eldin Carnihan,
,,,,,,Michel Swetland,
,,,,,,Gui Bulley,
,,,,,,Sybilla Trahar,
,,,,,,Nessie Giacopelo,
,,,,,,Buiron Gussin,
,,,,,,Gerek Battyll,
,,,,,,Yasmeen Vennings,
,,,,,,Earlie Behan,
,,,,,,Bourke Chance,
,,,,,,Wells Foskew,
,,,,,,Rosmunda Frenzel;,
,,,,,,Pansy Ivankov,
,,,,,,Joleen Gwatkin,
,,,,,,Joshuah Edelston,
,,,,,,Katusha Balazot,
,,,,,,Barbette Wychard,
,,,,,,Chrysler Halloway,
,,,,,,Tony Feldstein,
,,,,,,Abbi Paffett,
,,,,,,Trstram Seabourne,
,,,,,,Laurie Cutbirth,
,,,,,,Meriel Cheales,
,,,,,,Logan Oscroft,
,,,,,,Renault Parman,
,,,,,,Tades Ick,
,,,,,,Isis Tchir,
,,,,,,Moore Loffill,
,,,,,,Chantalle Burdass,
,,,,,,Barbie Craise,
,,,,,,Xever Boome,
,,,,,,Donovan Charpin,
,,,,,,Arlene Beade,
,,,,,,Fidelia Barrott,
,,,,,,Joelle Liversedge,
,,,,,,Alvera Tremblay,
,,,,,,Tabitha Cosbey,
,,,,,,Nannette Bennetts,
,,,,,,Humbert Cairns,
,,,,,,Melita Haggidon,
,,,,,,Artemus Fidian,
,,,,,,Barrie Hoult,
,,,,,,Alvinia Pestell,
,,,,,,Hy Stickles,
,,,,,,Marybeth Reuter,
,,,,,,Frasco Buttle,
,,,,,,Shayna Ginnell,
,,,,,,Aylmer Gapp,
,,,,,,Dieter Duncan,
,,,,,,Marius Medina,
,,,,,,Guillaume Greggs,
,,,,,,Meir Mallabund,
,,,,,,Maryl Jirieck,
,,,,,,Chick Plumm,
,,,,,,Phebe Yushachkov,
,,,,,,Viviyan Melville,
,,,,,,Diann Trask,
,,,,,,Niels McKerley,
,,,,,,Cullen Ewestace,
,,,,,,Katharina Parris,
,,,,,,Nolana Tildesley,
,,,,,,Steffie Yeld,
,,,,,,Florian Blague,
,,,,,,Tonnie Kerwick,
,,,,,,Blake Delagnes,
,,,,,,Mendel Swatten,
,,,,,,Tonia Ludvigsen,
,,,,,,Halsey Ickovits,
,,,,,,Sondra Kellen,
,,,,,,Pebrook Sweeny,
,,,,,,Adeline Muxworthy,
,,,,,,Latrena Dougill,
,,,,,,Samaria Darnbrough,
,,,,,,Malia Tregent,
,,,,,,Reade Simla,
,,,,,,Gui Benet,
,,,,,,Kory Linsey,
,,,,,,Jermain Bazoge,
,,,,,,Alice Leghorn,
,,,,,,Lenora Silly,
,,,,,,Rene Willison,
,,,,,,Georgie Durning,
,,,,,,Kitty Ledbetter,
,,,,,,Alexandra Emsley,
,,,,,,Sarette Coster,
,,,,,,Tess Utterson,
,,,,,,Schuyler Melmeth,
,,,,,,Gustie Idiens,
,,,,,,Micaela Cod,
,,,,,,Agnella Ferrarello,
,,,,,,Aurora Leverton,
,,,,,,Bevan Capewell,
,,,,,,Randolph Padgett,
,,,,,,Papageno Canby,
,,,,,,Brody Pau,
,,,,,,Melisande Work,
,,,,,,Tatum Mayhew,
,,,,,,Mendie McGorman,
,,,,,,Emmett Chalcot,
,,,,,,Neely Beardshall,
,,,,,,Emmye Ockleshaw,
,,,,,,Emilee Landon,
,,,,,,Sherwood Janosevic,
,,,,,,Rodie Prettyjohns,
,,,,,,Elias Spitaro,
,,,,,,Lennie Bish,
,,,,,,Dwain Ruller,
,,,,,,Arleta Das,
,,,,,,Thayne Barwood,
,,,,,,Upton Fidell,
,,,,,,Maury Learmond,
,,,,,,Serge Gurery,
,,,,,,Mitchael Treadgear,
,,,,,,Harold Slatford,
,,,,,,Huntington Apthorpe,
,,,,,,Lois Norcross,
,,,,,,Olly Niemetz,
,,,,,,Josephina Chatto,
,,,,,,Verene Pargiter,
,,,,,,Halley Tessyman,
,,,,,,Kippar Coulthard,
,,,,,,Jessi Heningham,
,,,,,,Cullie Kersting,
,,,,,,Minni Ales,
,,,,,,Mitchel Vasyutkin,
,,,,,,Jeniece Woodall,
,,,,,,Yolanda Coxhead,
,,,,,,Chantal Paramor,
,,,,,,Erhart Parlott,
,,,,,,Melosa Bengough,
,,,,,,Josey Ditchett,
,,,,,,Felipe Dacke,
,,,,,,Truman Archell,
,,,,,,Nikita Demare,
,,,,,,Allegra Gable,
,,,,,,Nicholas Beamson,
,,,,,,Leoine Doulden,
,,,,,,Dana Colenutt,
,,,,,,Osmund Porcher,
,,,,,,Andromache Marzele,
,,,,,,Fonzie Seagrove,
,,,,,,Morgen Galpin,
,,,,,,Gunar Lambersen,
,,,,,,Giulia Barnewall,
,,,,,,Christine Ibert,
,,,,,,Stella Compson,
,,,,,,Otto Willoughey,
,,,,,,Estrellita Dunnet,
,,,,,,Merill Garman,
,,,,,,Hubey Blackly,
,,,,,,Ardelis Sparshatt,
,,,,,,Rennie Gumb,
,,,,,,Nikita Guiton,
,,,,,,Dorie Saunder,
,,,,,,Julius Curteis,
,,,,,,Cherilynn Dunstan,
,,,,,,Aryn Dominy,
,,,,,,Marcello Moncarr,
,,,,,,Norine Verriour,
,,,,,,Alfreda Celloni,
,,,,,,Brantley Turn,
,,,,,,Gordy Barkas,
,,,,,,Nata Elleray,
,,,,,,Amber Gravell,
,,,,,,Mattheus Jakes,
,,,,,,Otes Nestle,
,,,,,,Alphonso Larcombe,
,,,,,,Skipp Pordal,
,,,,,,Enrico Gravestone,
,,,,,,Hurleigh Pendry,
,,,,,,Leopold Sloss,
,,,,,,Werner Baldinotti,
,,,,,,Benita Knifton,
,,,,,,Giraldo Storek,
,,,,,,Diarmid Liveley,
,,,,,,Danni Mulvey,
,,,,,,Derron Biasotti,
,,,,,,Florida McConnachie,
,,,,,,Brig John,
,,,,,,Kellie Owtram,
,,,,,,Augusta BURWIN,
,,,,,,Shaine Norquoy,
,,,,,,Leslie De L'Isle,
,,,,,,Ferd Fryman,
,,,,,,Alejandrina Trengove,
,,,,,,Agace Oldam,
,,,,,,Corrinne Brauninger,
,,,,,,Aguie Mullarkey,
,,,,,,Garreth MacGibbon,
,,,,,,Meryl Evesque,
,,,,,,Cati Bagott,
,,,,,,Joey Balderston,
,,,,,,Ilyse Bollands,
,,,,,,Germain Draycott,
,,,,,,Florance Ingarfield,
,,,,,,Jessey Dubber,
,,,,,,Trix Windridge,
,,,,,,Dar Thorogood,
,,,,,,Erl Dawdary,
,,,,,,Gianni Cicchinelli,
,,,,,,Oralia Dawe,
,,,,,,Jemmy Halpine,
,,,,,,Sherri Pendlebery,
,,,,,,Jerad Roft,
,,,,,,Shannan Beton,
,,,,,,Leese Chillcot,
,,,,,,Evania Creyke,
,,,,,,Merrily Roelofs,
,,,,,,Jedd Linford,
,,,,,,Olag Ehlerding,
,,,,,,Essa Allenson,
,,,,,,Deck Critchell,
,,,,,,Alidia Jorczyk,
,,,,,,Catherin Mesias,
,,,,,,Major Whittick,
,,,,,,Lefty Tupling,
,,,,,,Kimberlyn Wigan,
,,,,,,Layla Semeradova,
,,,,,,Blair Mahedy,
,,,,,,Brunhilda Arkell,
,,,,,,Maryjane Dorwood,
,,,,,,Reeva Denny,
,,,,,,Trudi Bielefeld,
,,,,,,Bea Towler,
,,,,,,Peyter Masurel,
,,,,,,Vickie Segoe,
,,,,,,Coraline Gasgarth,
,,,,,,Gardner Scogin,
,,,,,,Amaleta Domino,
,,,,,,Catherina Whiting,
,,,,,,Allis Pool,
,,,,,,Neil Pinnion,
,,,,,,Jeff Perfili,
,,,,,,Kalli Morten,
,,,,,,Fabio Jedrzaszkiewicz,
,,,,,,Raynor Goman,
,,,,,,Lyndel Suttill,
,,,,,,Ignace Southall,
,,,,,,Rayna Georgelin,
,,,,,,Colette Sacks,
,,,,,,Loralyn Yedall,
,,,,,,Garrek Bainbridge,
,,,,,,Sawyere Alves,
,,,,,,Ephrayim Hackwell,
,,,,,,Chrissy Eisold,
,,,,,,Candra Raveau,
,,,,,,Christan Skinley,
,,,,,,Muire Fidian,
,,,,,,Imojean Eilhersen,
,,,,,,Ivory Wickie,
,,,,,,Joseito Alderwick,
,,,,,,Benny Dudding,
,,,,,,Ashil Bison,
,,,,,,Alexa Smewing,
,,,,,,Harvey Lepard,
,,,,,,Johnette Coots,
,,,,,,Gaelan Bulluck,
,,,,,,Carlotta Liversedge,
,,,,,,Laird Yaldren,
,,,,,,Diarmid Steade,
,,,,,,Sholom Bertelet,
,,,,,,Mel Fasset,
,,,,,,Beryle Dohms,
,,,,,,Miller Courteney,
,,,,,,Tudor Syder,
,,,,,,Lara Dumigan,
,,,,,,Ross Livett,
,,,,,,Fiorenze Roylance,
,,,,,,Katleen Ianniello,
,,,,,,Andre Sharkey,
,,,,,,Hana Narey,
,,,,,,Pryce Gosnoll,
,,,,,,Tallia McCafferky,
,,,,,,Odetta Engel,
,,,,,,Georgeta Janowski,
,,,,,,Norry O'Cannan,
,,,,,,Cob Micheau,
,,,,,,Haskel Quantick,
,,,,,,Linn Chitham,
,,,,,,Salmon Ilyasov,
,,,,,,Maximo Farlham,
,,,,,,Sayers Spuffard,
,,,,,,Jolie Coggin,
,,,,,,Glory Smidmor,
,,,,,,Brier Malicki,
,,,,,,Pooh Chaddock,
,,,,,,Sydney Pues,
,,,,,,Adolphus Kiefer,
,,,,,,Sabine Spurrior,
,,,,,,Ludovico Shingles,
,,,,,,Estell Enright,
,,,,,,Brandi Bedingfield,
,,,,,,Darcee De Meis,
,,,,,,Toby Pridmore,
,,,,,,Meryl Biss,
,,,,,,Erena Samet,
,,,,,,Jonathon Benny,
,,,,,,Yanaton Trevon,
,,,,,,Debbie Brok,
,,,,,,Way Aliberti,
,,,,,,Shirline Marriage,
,,,,,,Kirbee Bradd,
,,,,,,Devin Langrick,
,,,,,,Charmian McKechnie,
,,,,,,Berenice Yeldham,
,,,,,,Aggie Krale,
,,,,,,Clerkclaude Ubank,
,,,,,,Archibold Wixon,
,,,,,,Guilbert Chern,
,,,,,,Iosep Miguet,
,,,,,,Corby Tissington,
,,,,,,Andrea Curling,
,,,,,,Adaline Breitling,
,,,,,,Kelsy Inker,
,,,,,,Noelyn Dyne,
,,,,,,Basilio Judron,
,,,,,,Kassi Bogays,
,,,,,,Isador Hachette,
,,,,,,Geoffry Jahnke,
,,,,,,Tymon Greenroyd,
,,,,,,Sapphire Guilliland,
,,,,,,Antonie Forsyth,
,,,,,,Pedro Jachimiak,
,,,,,,Grant Knowling,
,,,,,,Thorpe Bedells,
,,,,,,Joelle Teager,
,,,,,,Natka McIlwrath,
,,,,,,Romeo Brobeck,
,,,,,,Roseann Boyland,
,,,,,,Odo Fihelly,
,,,,,,Tobiah Auger,
,,,,,,Ethel Haszard,
,,,,,,Jacky Ivermee,
,,,,,,Friederike Hentzer,
,,,,,,Yorgos Iwanowicz,
,,,,,,Sigrid Waldren,
,,,,,,Joycelin Merrell,
,,,,,,Consuelo Sheasby,
,,,,,,Skipton MacDavitt,
,,,,,,Warden Dran,
,,,,,,Malachi Ashtonhurst,
,,,,,,Montgomery Crambie,
,,,,,,Andrew Umbert,
,,,,,,Chrisse Bridgestock,
,,,,,,Northrup Escalante,
,,,,,,Michele Meegin,
,,,,,,Glynis Siman,
,,,,,,Deonne Seeks,
,,,,,,Shae Duny,
,,,,,,Layton Calcut,
,,,,,,Melony Danbi,
,,,,,,Drucy Shortan,
,,,,,,Pascal Reina,
,,,,,,Edie BoHlingolsen,
,,,,,,Abbie Weblin,
,,,,,,Nealson Yearn,
,,,,,,Bartholomeus O'Loughnan,
,,,,,,Lola Troyes,
,,,,,,Angelique Capinetti,
,,,,,,Merrily Yellep,
,,,,,,Fanni McCurry,
,,,,,,Wells Clowes,
,,,,,,Magdaia Steagall,
,,,,,,Viviana Blakeney,
,,,,,,Gaspar Broske,
,,,,,,Obie Gilling,
,,,,,,Micah Bakhrushkin,
,,,,,,Carlen Tabram,
,,,,,,Pavlov Dobbyn,
,,,,,,Ron Stobbart,
,,,,,,Cherie Unthank,
,,,,,,Marius Cawte,
,,,,,,Lia Mannion,
,,,,,,Terrill Corkett,
,,,,,,Marylin Pietrzak,
,,,,,,Hayward Dignall,
,,,,,,Dynah Mandre,
,,,,,,Linus Cosans,
,,,,,,Willard Yaneev,
,,,,,,Karry Corryer,
,,,,,,Bridget Skerm,
,,,,,,Silvie Goodbanne,
,,,,,,Dulci Thurner,
,,,,,,Dorolisa Postgate,
,,,,,,Bess Atheis,
,,,,,,Cello MacBain,
,,,,,,Rhoda Truggian,
,,,,,,Donavon Sansome,
,,,,,,Hortensia Berks,
,,,,,,Hazel Allsop,
,,,,,,Mendy Booler,
,,,,,,Brooke Sinclaire,
,,,,,,Caresa Canadine,
,,,,,,Jodi Conrard,
,,,,,,Duky Dermott,
,,,,,,Allie Bootell,
,,,,,,Thane Leithgoe,
,,,,,,Jennie Hebard,
,,,,,,Anthe Cleveland,
,,,,,,Babbette Cresser,
,,,,,,Radcliffe Patchett,
,,,,,,Morey Loffhead,
,,,,,,Rani Kennham,
,,,,,,Brittany Burdass,
,,,,,,Francyne Johnson,
,,,,,,Deb Kirlin,
,,,,,,Susette Allewell,
,,,,,,Betsey Peasgood,
,,,,,,Martie Stallebrass,
,,,,,,Colette Fraczkiewicz,
,,,,,,Natassia Danzig,
,,,,,,Shaylyn Manners,
,,,,,,Melony McComiskey,
,,,,,,Kevina Dudmesh,
,,,,,,Hinda Andriveau,
,,,,,,Orsola Painswick,
,,,,,,Stevana Gilfoyle,
,,,,,,Tracie Huxton,
,,,,,,Berkley Parsley,
,,,,,,Domeniga Scottrell,
,,,,,,Jamie Finnemore,
,,,,,,Babara Dahlen,
,,,,,,Aleda Gammons,
,,,,,,Cole Durdle,
,,,,,,Trish Fayerbrother,
,,,,,,Georgeanna Wiburn,
,,,,,,Ario Copin,
,,,,,,Claire Cervantes,
,,,,,,Maridel Triplet,
,,,,,,Cory Duester,
,,,,,,Marcela Beadles,
,,,,,,Andeee Rabbitts,
,,,,,,Chelsey Oswell,
,,,,,,Romona Finlry,
