Lead_ID,Full Name,First Name,Last Name,Product Name,Full Name,Created On
LE-649-64477,Virgie Johansen,Virgie,Johansen,Mark-1,Birgit Flaverty,14-03-2018
LE-624-41567,Raina Raffon,Raina,Raffon,Print Bed,Yard Livock,16-07-2018
LE-545-64581,Clementina O'Dogherty,Clementina,O'Dogherty,Frame,Eric Targetter,18-07-2018
LE-732-31829,Sapphira Bussey,Sapphira,Bussey,Belts,Mic Derdes,06-03-2018
LE-105-96425,Maryl Zavittieri,Maryl,Zavittieri,Mark-50,Delphine Kluss,09-05-2018
LE-329-84674,Bevan Jadczak,Bevan,Jadczak,Mark-5,Eirena Trevance,03-06-2018
LE-902-37367,Ragnar Lidgard,Ragnar,Lidgard,Mark-1,Neddy Maykin,09-04-2018
LE-424-04805,Zenia Lecount,Zenia,Lecount,Belts,Bidget Chart,25-03-2018
LE-145-52952,Pete Shelsher,Pete,Shelsher,Mark-1,Alexia Victoria,05-07-2018
LE-472-97423,Ritchie Pickrell,Ritchie,Pickrell,Mark-1,Ian Coggin,22-04-2018
LE-111-93864,Cherry Anderbrugge,Cherry,Anderbrugge,Belts,Cyndi Common,05-05-2018
LE-975-14844,Loutitia Battleson,Loutitia,Battleson,Mark-50,Wait Ciementini,06-07-2018
LE-919-49056,Hermina Purslow,Hermina,Purslow,Mark-50,Bealle Gunda,14-05-2018
LE-005-78221,Curt Hastings,Curt,Hastings,Filament,Byrle Cathie,21-03-2018
LE-013-51538,Lauree Grinin,Lauree,Grinin,Print Bed,Carilyn Gouldbourn,06-06-2018
LE-067-43561,Hube Ubsdell,Hube,Ubsdell,Print Bed,Lexi Doale,13-03-2018
LE-901-85325,Antons Hucquart,Antons,Hucquart,Mark-50,Kristal Napoleone,27-05-2018
LE-609-90176,Gage Crooke,Gage,Crooke,Mark-10,Holmes Ninnis,15-06-2018
LE-160-94957,Grethel Arrighetti,Grethel,Arrighetti,Mark-50,Martita Dallaway,31-07-2018
LE-866-93731,Ronica Caistor,Ronica,Caistor,Controller Board,Shaine Tripon,09-04-2018
LE-527-68484,Angus Scoterbosh,Angus,Scoterbosh,Jarvis-1 T,Teodor Doy,11-04-2018
LE-520-31489,Mirabelle Wymer,Mirabelle,Wymer,Mark-10,Bennett Phayre,26-03-2018
LE-546-37664,Porty Sandiford,Porty,Sandiford,Filament,Terrence Grigor,27-05-2018
LE-989-94065,Camellia Scrymgeour,Camellia,Scrymgeour,Mark-1,Jessalin Worvill,02-03-2018
LE-999-57359,Pet Lince,Pet,Lince,Filament,Ron Wilson,28-04-2018
LE-420-65831,Nicolas Wipper,Nicolas,Wipper,Mark-1,Clerc Sharrier,03-06-2018
LE-510-97463,Bessy Marrow,Bessy,Marrow,Frame,Roselin Hryncewicz,26-03-2018
LE-343-39852,Verla Richings,Verla,Richings,Filament,Mayor Jentgens,23-07-2018
LE-002-93531,Abran MacCurtain,Abran,MacCurtain,Jarvis-5 T,Lilyan Oley,09-07-2018
LE-495-57510,Daisie Zecchinii,Daisie,Zecchinii,Mark-1,Caralie Antonignetti,18-05-2018
LE-411-89917,Forbes Gerge,Forbes,Gerge,Print Bed,Annabelle Diprose,04-06-2018
LE-209-71476,Starr Haslegrave,Starr,Haslegrave,Print Bed,Claudell Cardall,23-06-2018
LE-869-87060,Julita Casoni,Julita,Casoni,Controller Board,Harald Sanford,09-04-2018
LE-276-19277,Tallou Yuryev,Tallou,Yuryev,Mark-50,Charley Nares,16-04-2018
LE-061-34019,Ad Gatman,Ad,Gatman,Jarvis-5 T,Ketti McNeilley,27-06-2018
LE-610-79245,Augustina Woodfine,Augustina,Woodfine,Jarvis-5 T,Marielle Haywood,23-03-2018
LE-756-35800,Holly Rennox,Holly,Rennox,Mark-5,Adah Mouncey,01-07-2018
LE-622-31682,Garvey Benech,Garvey,Benech,Filament,Iggie Askey,09-03-2018
LE-032-10156,Marcile Girvin,Marcile,Girvin,Mark-1,Marrilee Srutton,20-06-2018
LE-182-72801,Frederico Jedrasik,Frederico,Jedrasik,Frame,Fidelity Sperling,19-03-2018
LE-975-60308,Dominik Becconsall,Dominik,Becconsall,Software and Drivers,Olivie Penritt,13-03-2018
LE-782-28828,Jacquenetta Heliet,Jacquenetta,Heliet,Jarvis-5 T,Quincey Koschke,07-06-2018
LE-762-25161,Ernestus Syrie,Ernestus,Syrie,Print Bed,Olvan Yoakley,29-03-2018
LE-765-12438,Romain Springtorpe,Romain,Springtorpe,Jarvis-1 T,Maximo Dimitrijevic,21-06-2018
LE-627-26290,Feliza Ferney,Feliza,Ferney,Filament,Madison De la Yglesia,09-07-2018
LE-321-82256,Urbanus Noury,Urbanus,Noury,Mark-5,Gretchen Jacqueminot,02-06-2018
LE-469-62489,Max Hendren,Max,Hendren,Mark-10,Paxton Schlagtmans,17-03-2018
LE-618-87751,Jaimie Reames,Jaimie,Reames,Mark-1,Benjamen Stooders,29-05-2018
LE-227-40045,Madelene Galler,Madelene,Galler,Print Bed,Sisile Rubberts,11-07-2018
LE-703-24127,Howie Golden of Ireland,Howie,Golden of Ireland,Jarvis-1 T,Alidia Fehely,19-07-2018
LE-700-21462,Moyra Ortmann,Moyra,Ortmann,Frame,Emmet Dickman,27-06-2018
LE-440-18406,Theadora Winsiowiecki,Theadora,Winsiowiecki,Frame,Emmett Bragg,21-06-2018
LE-733-46845,Zia Amphlett,Zia,Amphlett,Frame,Breena Harling,17-04-2018
LE-437-49570,Terri Cairney,Terri,Cairney,Controller Board,Maurita Nowell,19-07-2018
LE-505-01603,Reeva Wiffen,Reeva,Wiffen,Mark-50,Teddie Swainsbury,13-07-2018
LE-845-62947,Cyrillus Weiss,Cyrillus,Weiss,Print Bed,Filmer Franklyn,19-07-2018
LE-796-49566,Cull Branchett,Cull,Branchett,Belts,Kane Symones,03-04-2018
LE-141-78854,Harbert Siggers,Harbert,Siggers,Software and Drivers,Lorilyn Conigsby,22-06-2018
LE-261-39177,Westbrooke Joscelyn,Westbrooke,Joscelyn,Mark-50,Tommy Kleis,21-05-2018
LE-077-89702,Lisle Glentz,Lisle,Glentz,Mark-1,Berton Maggorini,26-03-2018
LE-059-66978,Ario Merwede,Ario,Merwede,Mark-50,Cyndi McGonagle,24-04-2018
LE-698-30431,Alfonso Ruppeli,Alfonso,Ruppeli,Jarvis-1 T,Efrem Buckby,24-04-2018
LE-270-05758,Min Neligan,Min,Neligan,Frame,Durand Mungan,26-05-2018
LE-101-05684,Saleem Dalziell,Saleem,Dalziell,Belts,Katlin Thomke,12-07-2018
LE-531-83890,Sydel Reany,Sydel,Reany,Print Bed,Rawley Sandels,18-07-2018
LE-880-73510,Yorker McGavin,Yorker,McGavin,Jarvis-5 T,Marie Mannock,08-07-2018
LE-307-09746,Arabella Proschke,Arabella,Proschke,Jarvis-5 T,Pippy Botten,01-07-2018
LE-323-93712,Lenci Lambin,Lenci,Lambin,Mark-5,Khalil Berggren,13-05-2018
LE-019-11795,Zarah Snoddon,Zarah,Snoddon,Mark-1,Marcela De Santos,22-07-2018
LE-458-62752,Ema Suett,Ema,Suett,Software and Drivers,Nedda Costain,06-05-2018
LE-489-40432,Polly Fassam,Polly,Fassam,Mark-10,Row Drillingcourt,20-06-2018
LE-072-44875,Ruggiero Schapero,Ruggiero,Schapero,Jarvis-5 T,Margarita Ordelt,23-06-2018
LE-395-63919,Chaim Exeter,Chaim,Exeter,Jarvis-5 T,Etta Hynd,17-05-2018
LE-316-10153,Danita Brightey,Danita,Brightey,Frame,Cherlyn Morgue,18-04-2018
LE-498-77966,Meaghan Viscovi,Meaghan,Viscovi,Frame,Richmond Paaso,28-06-2018
LE-023-24871,Shaw Taynton,Shaw,Taynton,Mark-5,Olympie Small,26-05-2018
LE-507-80618,Hildagarde Vasiltsov,Hildagarde,Vasiltsov,Mark-5,Staford Rimington,30-04-2018
LE-416-68931,Ashton Ferraro,Ashton,Ferraro,Filament,Ola Lardner,14-07-2018
LE-046-04617,Kati Junifer,Kati,Junifer,Mark-1,Cyndy Titterton,09-03-2018
LE-912-88663,Sandi Chiplin,Sandi,Chiplin,Jarvis-5 T,Garnette Kilrow,28-04-2018
LE-262-94269,Gwendolen Marre,Gwendolen,Marre,Print Bed,Opaline Schofield,31-03-2018
LE-334-20468,Vidovic Uvedale,Vidovic,Uvedale,Mark-5,Lorianna Derks,13-07-2018
LE-210-03699,Judye Maskell,Judye,Maskell,Controller Board,Dew Banting,25-04-2018
LE-257-39950,Nicolas Klimentyonok,Nicolas,Klimentyonok,Mark-1,Aubry Whittingham,28-04-2018
LE-602-89807,Lanny Crosthwaite,Lanny,Crosthwaite,Mark-50,Daniella Cuppleditch,01-06-2018
LE-616-98694,Anstice Laugier,Anstice,Laugier,Controller Board,Rosemaria Scroggins,17-03-2018
LE-371-86885,Hilary Wrightham,Hilary,Wrightham,Frame,Nessa Jukes,08-06-2018
LE-057-33509,Fancy Cullerne,Fancy,Cullerne,Controller Board,Hedwiga Selkirk,30-07-2018
LE-778-35078,Luke Warrier,Luke,Warrier,Mark-10,Kordula Tissier,12-05-2018
LE-246-86695,Tally Vizor,Tally,Vizor,Filament,Skipp Hulle,26-06-2018
LE-869-61807,Honor Kment,Honor,Kment,Mark-10,Analise Harrismith,20-06-2018
LE-580-40184,Neale Collimore,Neale,Collimore,Frame,Marve Gecks,16-05-2018
LE-753-33736,Karoly Dowzell,Karoly,Dowzell,Controller Board,Edmon Berthod,02-04-2018
LE-785-56609,Leora Fiveash,Leora,Fiveash,Filament,Roby Briat,22-03-2018
LE-837-84795,Mireille Pettengell,Mireille,Pettengell,Mark-10,Tabbie Hellin,29-04-2018
LE-955-75144,Aprilette Piercy,Aprilette,Piercy,Filament,Demetris Kimmitt,19-06-2018
LE-950-27056,Jeremias Birkwood,Jeremias,Birkwood,Jarvis-1 T,Aubrie Heaker,30-06-2018
LE-775-68902,Denver Hymor,Denver,Hymor,Mark-5,Belvia Bottomer,16-03-2018
LE-999-17064,Sidonnie Last,Sidonnie,Last,Software and Drivers,Shay Burchess,07-06-2018
LE-642-08029,Cherilyn Tidcombe,Cherilyn,Tidcombe,Frame,Kristoffer Jedrzejczyk,04-06-2018
LE-755-17619,Shena Blagburn,Shena,Blagburn,Mark-10,Ingamar Ridoutt,04-06-2018
LE-658-24004,Aylmar Curedale,Aylmar,Curedale,Software and Drivers,Ruby Easby,02-03-2018
LE-139-07913,Leicester Amberg,Leicester,Amberg,Jarvis-1 T,Cornall Bonnier,17-04-2018
LE-664-39706,Madelena Monksfield,Madelena,Monksfield,Jarvis-1 T,Annabelle Eitter,28-04-2018
LE-198-70744,Kylie Calder,Kylie,Calder,Jarvis-1 T,Ludwig Sivyer,28-05-2018
LE-448-76136,Woodrow Sudlow,Woodrow,Sudlow,Controller Board,Winifield Albrooke,30-07-2018
LE-224-55239,Penny Insall,Penny,Insall,Controller Board,Aleece Cuffe,22-07-2018
LE-728-28871,Alfie Chmiel,Alfie,Chmiel,Software and Drivers,Vallie Squibbs,13-05-2018
LE-011-75962,Stoddard Bront,Stoddard,Bront,Mark-1,Rinaldo Wurst,04-07-2018
LE-594-24178,Johnna Fermin,Johnna,Fermin,Controller Board,Barton Brigg,23-07-2018
LE-574-07920,Lynnette Coale,Lynnette,Coale,Mark-5,Nellie Whiteford,17-03-2018
LE-890-17847,Lock Bridle,Lock,Bridle,Controller Board,Annamarie Cabell,05-05-2018
LE-976-03759,Eward Bunning,Eward,Bunning,Filament,Marjorie Routley,25-04-2018
LE-288-43954,Laurene Boughtflower,Laurene,Boughtflower,Mark-5,Johanna Hafner,21-03-2018
LE-676-91388,Boyce Divall,Boyce,Divall,Mark-10,Candida Delmonti,30-06-2018
LE-978-85880,Cory Vynoll,Cory,Vynoll,Print Bed,Corette Barton,13-03-2018
LE-997-37260,Liz Middlemiss,Liz,Middlemiss,Mark-10,Meara Ubsdale,24-05-2018
LE-469-78382,Kurt Kenelin,Kurt,Kenelin,Controller Board,Dael Melchior,08-07-2018
LE-930-35387,Bartie O'Dowd,Bartie,O'Dowd,Software and Drivers,Agatha Kaufman,20-07-2018
LE-025-51682,Rollo Belford,Rollo,Belford,Controller Board,Rozina MacDearmaid,17-05-2018
LE-695-40110,Nicolea McCreagh,Nicolea,McCreagh,Jarvis-5 T,Sigvard Ossenna,10-03-2018
LE-287-37447,Marice Pepi,Marice,Pepi,Controller Board,Niel Osgodby,12-03-2018
LE-741-09299,Piotr Kemish,Piotr,Kemish,Frame,Tildy Lanceter,24-07-2018
LE-505-13769,Clarie Mordy,Clarie,Mordy,Jarvis-5 T,Giacobo Geraudel,09-03-2018
LE-318-76753,Dory Wanderschek,Dory,Wanderschek,Mark-10,Galven Bargh,12-03-2018
LE-296-20046,Lanni Ely,Lanni,Ely,Frame,Bev O' Dornan,11-04-2018
LE-488-75781,Tanhya Pegrum,Tanhya,Pegrum,Frame,Saree Andreaccio,25-03-2018
LE-542-03260,Tully Mouncher,Tully,Mouncher,Mark-50,Cecil Mauchlen,13-06-2018
LE-097-51152,Petey Roderick,Petey,Roderick,Belts,Harrietta Livesley,02-06-2018
LE-827-60643,Jocelin Dayer,Jocelin,Dayer,Mark-5,Hailee Preble,29-07-2018
LE-755-31893,Godfree Turbard,Godfree,Turbard,Mark-1,Lonee Goulston,19-05-2018
LE-430-07047,Reggie Ingerson,Reggie,Ingerson,Jarvis-5 T,Alfons Raiment,24-05-2018
LE-938-03414,Cathryn Stennard,Cathryn,Stennard,Filament,Horton Pruce,27-04-2018
LE-155-31961,See Tombleson,See,Tombleson,Mark-10,Hali Longford,02-06-2018
LE-462-30414,Jorey Worthy,Jorey,Worthy,Controller Board,Anabelle Benitez,24-04-2018
LE-097-98028,Arny Coare,Arny,Coare,Mark-50,Bengt Steddall,17-03-2018
LE-075-69474,Merrily Bailes,Merrily,Bailes,Mark-5,Tiphanie Brambill,09-04-2018
LE-534-91395,Rex Hardaker,Rex,Hardaker,Jarvis-1 T,Harmony Gheerhaert,20-05-2018
LE-435-29339,Sylvester Acres,Sylvester,Acres,Print Bed,Issi Barstow,18-04-2018
LE-580-82225,Bayard Swigg,Bayard,Swigg,Frame,Walther Warlton,08-06-2018
LE-912-44783,Davis Beekmann,Davis,Beekmann,Software and Drivers,Deanna Cracker,05-05-2018
LE-359-38815,Starlin Bottini,Starlin,Bottini,Filament,Desdemona Elderidge,25-05-2018
LE-189-20706,Marlow Lathom,Marlow,Lathom,Software and Drivers,Shalne Dufour,17-03-2018
LE-067-67260,Calhoun Barthelemy,Calhoun,Barthelemy,Jarvis-1 T,Kaja Wellen,12-03-2018
LE-742-26048,Gino Feehan,Gino,Feehan,Mark-5,Avrit Ivanisov,21-06-2018
LE-315-18053,Johny Wiles,Johny,Wiles,Mark-5,Stephi Johncey,16-04-2018
LE-845-29468,Dominik Crowdace,Dominik,Crowdace,Mark-5,Eugenius Bedo,16-05-2018
LE-088-05893,Gloria Fairhurst,Gloria,Fairhurst,Jarvis-5 T,Morena Martelet,11-05-2018
LE-659-92278,Richardo Goad,Richardo,Goad,Mark-5,Marie-jeanne Willimot,09-05-2018
LE-303-14149,Michelle Bolstridge,Michelle,Bolstridge,Filament,Ange Ferras,22-07-2018
LE-574-38456,Gaylor Fransewich,Gaylor,Fransewich,Jarvis-5 T,Celie Greig,24-06-2018
LE-938-30785,Sybilla Milsted,Sybilla,Milsted,Print Bed,Mannie Gellately,01-05-2018
LE-633-43866,Luis Robertsson,Luis,Robertsson,Mark-10,Sosanna Gutridge,08-06-2018
LE-728-75459,Julieta Duffill,Julieta,Duffill,Mark-5,Archibald Overshott,08-05-2018
LE-475-63639,Reinaldo Curwen,Reinaldo,Curwen,Software and Drivers,Hamlin Billborough,16-03-2018
LE-171-70189,Eada Eggle,Eada,Eggle,Mark-10,Konstantin Clewley,21-07-2018
LE-057-07100,Angelique Eliot,Angelique,Eliot,Jarvis-1 T,Valerie Boyes,03-07-2018
LE-327-11184,April Derdes,April,Derdes,Software and Drivers,Cathi MacRonald,31-05-2018
LE-289-96584,Neala Paddick,Neala,Paddick,Mark-5,Rodger Afield,05-07-2018
LE-834-04990,Lura Brucker,Lura,Brucker,Frame,Yovonnda Tolworthy,19-04-2018
LE-526-94045,Hermy Gourlie,Hermy,Gourlie,Software and Drivers,Suzann Selwyn,16-05-2018
LE-010-22559,Micky Bate,Micky,Bate,Jarvis-1 T,Korie Ianizzi,29-05-2018
LE-275-26346,Rabi O'Doogan,Rabi,O'Doogan,Mark-5,Nerty Vase,04-07-2018
LE-855-43795,Truman Crolly,Truman,Crolly,Software and Drivers,Jude Kamiyama,25-05-2018
LE-491-23436,Augie Knoller,Augie,Knoller,Jarvis-1 T,Cobbie Veart,03-03-2018
LE-674-81231,Erma Brandham,Erma,Brandham,Belts,Mimi Hanney,28-07-2018
LE-282-04060,Othello Paskins,Othello,Paskins,Mark-10,Joye Kroch,18-03-2018
LE-069-70680,Darcee Royan,Darcee,Royan,Mark-50,Gratia Rechert,25-04-2018
LE-295-87741,Helene Dimock,Helene,Dimock,Mark-10,Horatius Daftor,14-07-2018
LE-624-80821,Nancey Marzellano,Nancey,Marzellano,Filament,Gillian Swinglehurst,04-06-2018
LE-164-35096,Rosaleen Venner,Rosaleen,Venner,Filament,Marylinda Sebrens,29-06-2018
LE-080-87900,Pierette Grigor,Pierette,Grigor,Print Bed,Grange McElane,08-03-2018
LE-087-87900,Karel Bucklee,Karel,Bucklee,Jarvis-1 T,Billi Kettlestring,14-05-2018
LE-177-41806,Tallou Gummoe,Tallou,Gummoe,Mark-1,Cathee Tidd,11-04-2018
LE-208-20902,Richie Hannon,Richie,Hannon,Belts,Brigid McPake,10-03-2018
LE-094-22472,Cassey Nattriss,Cassey,Nattriss,Controller Board,Isidor Mottini,22-04-2018
LE-079-62038,Normand Dytham,Normand,Dytham,Mark-5,Nyssa Wycliffe,26-05-2018
LE-209-60948,Jobie Upcraft,Jobie,Upcraft,Controller Board,Had Hambatch,23-04-2018
LE-337-79176,Jakob Shefton,Jakob,Shefton,Mark-1,Marlyn Pessel,10-07-2018
LE-122-26649,Shayne Hallibone,Shayne,Hallibone,Software and Drivers,Tessie Berford,14-06-2018
LE-395-96075,Barnabe Cordero,Barnabe,Cordero,Print Bed,Reinhard Crumly,20-03-2018
LE-046-35620,Lennard Hedditch,Lennard,Hedditch,Jarvis-5 T,Celestyna Gilston,31-05-2018
LE-679-69617,Grannie Orteu,Grannie,Orteu,Print Bed,Terra Hulson,17-03-2018
LE-869-05486,Didi McCloch,Didi,McCloch,Print Bed,Betti Norville,12-05-2018
LE-015-48265,Alyson Ginman,Alyson,Ginman,Controller Board,Aylmar Titmus,07-04-2018
LE-171-86673,Mayer Geillier,Mayer,Geillier,Print Bed,Lynde Fabri,02-05-2018
LE-178-42958,Gladys Langsdon,Gladys,Langsdon,Belts,Franz MacCaughey,20-05-2018
LE-624-97438,Rod Barbour,Rod,Barbour,Frame,Rickie Giffkins,07-05-2018
LE-150-39741,Marylinda Strother,Marylinda,Strother,Filament,Cleo Josipovic,04-07-2018
LE-531-71972,Janet Aldwich,Janet,Aldwich,Mark-1,Demetre Dwyr,24-05-2018
LE-349-39779,Ameline Jephson,Ameline,Jephson,Controller Board,Maryann Pauel,20-04-2018
LE-687-84617,Vladimir Casellas,Vladimir,Casellas,Mark-10,Malorie Delgadillo,05-06-2018
LE-756-96952,Niven Islip,Niven,Islip,Mark-1,Binnie Smout,14-03-2018
LE-648-12904,Claudina Reddyhoff,Claudina,Reddyhoff,Print Bed,Maryanne Stanhope,29-06-2018
LE-139-32344,Darryl Compfort,Darryl,Compfort,Mark-1,Fredelia Height,23-04-2018
LE-187-61679,Cthrine Collin,Cthrine,Collin,Mark-10,Bryn Lelliott,26-07-2018
LE-885-97473,Cecily Aronstein,Cecily,Aronstein,Mark-5,Tabbi Whittaker,20-06-2018
LE-419-52891,Carola Meijer,Carola,Meijer,Software and Drivers,Eustacia Rentcome,21-05-2018
LE-328-59845,Lucais Mattsson,Lucais,Mattsson,Mark-1,Rhianon Meltetal,28-03-2018
LE-136-46588,Maren Halvosen,Maren,Halvosen,Controller Board,Correy O' Dooley,29-06-2018
LE-160-75923,Helli Gillbe,Helli,Gillbe,Jarvis-1 T,Rochester Gheorghie,18-04-2018
LE-200-31274,Jobi Dendon,Jobi,Dendon,Mark-5,Maxine Hooban,06-06-2018
LE-396-32079,Isabel Davitt,Isabel,Davitt,Controller Board,Aharon Blamires,27-03-2018
LE-430-65196,Joyann Brecon,Joyann,Brecon,Mark-1,Clem Golda,06-03-2018
LE-432-49850,Henrik Siely,Henrik,Siely,Mark-5,Bee Filipchikov,30-06-2018
LE-526-26758,Obie Wormell,Obie,Wormell,Belts,Katine Whittek,25-07-2018
LE-145-06665,Georgeta Ecclestone,Georgeta,Ecclestone,Jarvis-5 T,Dean Langabeer,24-04-2018
LE-884-21668,Deni Schwartz,Deni,Schwartz,Mark-1,Franny Bernholt,17-07-2018
LE-311-57575,Tersina Philler,Tersina,Philler,Controller Board,Sibyl Wreak,17-06-2018
LE-926-37995,Clemente Shoebotham,Clemente,Shoebotham,Mark-1,Eliot Semiras,06-06-2018
LE-345-78910,Anastassia Chaldecott,Anastassia,Chaldecott,Mark-5,Sigismund McElrea,25-04-2018
LE-998-95043,Bobbette Gisbye,Bobbette,Gisbye,Jarvis-1 T,Barth Heims,24-05-2018
LE-549-15901,Evania Peascod,Evania,Peascod,Jarvis-1 T,Ches Milstead,30-05-2018
LE-366-49769,Dionysus Wilcot,Dionysus,Wilcot,Filament,Randie Kochel,16-03-2018
LE-363-89944,Horst Tulloch,Horst,Tulloch,Mark-50,Keriann Scranney,17-03-2018
LE-614-93922,Roseanne Phebee,Roseanne,Phebee,Print Bed,Clarissa Dearell,31-07-2018
LE-314-17002,Pattie Dagon,Pattie,Dagon,Filament,Monica Raspison,27-06-2018
LE-143-10279,Sabra Arthey,Sabra,Arthey,Controller Board,Leona Teml,11-05-2018
LE-617-00946,Joyous Lawranson,Joyous,Lawranson,Mark-50,Cassy Pitkeathly,19-05-2018
LE-285-00164,Lelia Digwood,Lelia,Digwood,Belts,Rana Hyndson,07-03-2018
LE-567-58364,Abba Kellen,Abba,Kellen,Jarvis-5 T,Lanita McInnerny,18-03-2018
LE-101-27039,Giordano Brouard,Giordano,Brouard,Filament,Donaugh Seeds,08-06-2018
LE-289-94821,Fredrika Shawe,Fredrika,Shawe,Mark-5,Harwilll Poinsett,14-04-2018
LE-548-04403,Danyette Springham,Danyette,Springham,Frame,Ulberto Castangia,29-05-2018
LE-366-59554,Nonah Rosa,Nonah,Rosa,Mark-1,Aurea Gerardot,23-05-2018
LE-483-87549,Lev Saffle,Lev,Saffle,Jarvis-1 T,Roz Parks,20-04-2018
LE-089-27874,Randene Dulin,Randene,Dulin,Mark-1,Kym Newcomb,03-03-2018
LE-599-84090,Niccolo Dart,Niccolo,Dart,Jarvis-5 T,Sara Brinkley,12-03-2018
LE-058-28594,Tandi Windless,Tandi,Windless,Frame,Carey Alkins,30-04-2018
LE-976-08626,Retha Lippett,Retha,Lippett,Mark-1,Dory Ramos,04-04-2018
LE-061-58770,Adriena MacIntyre,Adriena,MacIntyre,Mark-50,Joann Verdy,10-06-2018
LE-640-13969,Gardiner Vampouille,Gardiner,Vampouille,Jarvis-5 T,Gunther Featherstonhalgh,14-03-2018
LE-608-85363,Annadiana Gonin,Annadiana,Gonin,Jarvis-1 T,Agnese Hallede,30-05-2018
LE-896-90441,Lotti Goodredge,Lotti,Goodredge,Mark-5,Paulo Nisco,21-05-2018
LE-473-56229,Salem Januszewicz,Salem,Januszewicz,Jarvis-1 T,Laverne Seer,17-03-2018
LE-863-74870,Xavier McGinnis,Xavier,McGinnis,Jarvis-5 T,Edwina Kingwell,13-06-2018
LE-074-46345,Natalie Watling,Natalie,Watling,Mark-50,Cyndi Benka,19-06-2018
LE-963-81649,Tynan Goad,Tynan,Goad,Mark-1,Kendal Poon,22-07-2018
LE-792-36933,Cosme Shave,Cosme,Shave,Frame,Vanya Quaif,07-04-2018
LE-809-48316,Corrinne Breem,Corrinne,Breem,Jarvis-1 T,Jude Gercken,23-05-2018
LE-181-33510,Don Goudy,Don,Goudy,Jarvis-1 T,Wain Cruise,15-07-2018
LE-780-98810,Fara Beddoes,Fara,Beddoes,Mark-10,Amalie Ginnelly,26-05-2018
LE-941-30818,Salomone Gerardot,Salomone,Gerardot,Mark-5,Findlay Marklew,03-06-2018
LE-819-70638,Mavis Enterlein,Mavis,Enterlein,Mark-5,Lloyd Ames,03-03-2018
LE-278-47881,Deidre Barson,Deidre,Barson,Belts,Shantee Gaither,13-03-2018
LE-941-61428,Corinna Gueny,Corinna,Gueny,Mark-1,Dasya Churchouse,13-03-2018
LE-355-91657,Daven Pescott,Daven,Pescott,Software and Drivers,Mufi Beston,17-07-2018
LE-906-58628,Chiquia Lampitt,Chiquia,Lampitt,Controller Board,Claudian Ibanez,29-07-2018
LE-177-11084,Olag Edgworth,Olag,Edgworth,Software and Drivers,Vidovik Sture,03-03-2018
LE-310-39630,Joby Nassy,Joby,Nassy,Mark-50,Daryl Winkworth,09-07-2018
LE-460-77872,Dorey Aime,Dorey,Aime,Print Bed,Fiona Sealey,28-06-2018
LE-284-38456,Eward Aphale,Eward,Aphale,Print Bed,Lucho Shipton,21-03-2018
LE-755-68328,Jesselyn Beisley,Jesselyn,Beisley,Frame,Tonie Letessier,01-05-2018
LE-611-44213,Leisha Cockrem,Leisha,Cockrem,Software and Drivers,Mariann Rains,14-05-2018
LE-970-04614,Griswold Cullivan,Griswold,Cullivan,Mark-1,Kevina Antonellini,29-05-2018
LE-646-66505,Jacynth Bartozzi,Jacynth,Bartozzi,Belts,Carolynn Badland,17-05-2018
LE-064-19703,Ariela Denington,Ariela,Denington,Software and Drivers,Illa Wipfler,27-07-2018
LE-067-54569,Vally Hannigan,Vally,Hannigan,Belts,Konrad Scrivner,17-07-2018
LE-446-63546,Quint Bartke,Quint,Bartke,Mark-10,Cherise Carstairs,30-03-2018
LE-808-91467,Wendye Boland,Wendye,Boland,Belts,Ermentrude Minichi,24-06-2018
LE-518-02465,Paxton Largan,Paxton,Largan,Filament,Matelda Willey,02-06-2018
LE-431-14401,Avictor Allott,Avictor,Allott,Jarvis-5 T,Somerset Rasell,17-07-2018
LE-648-36457,Goran Greenly,Goran,Greenly,Jarvis-1 T,Poul Moriarty,31-03-2018
LE-659-05775,Glynn Suston,Glynn,Suston,Mark-50,Lynnelle Ansill,04-04-2018
LE-312-79291,Yule Sutterfield,Yule,Sutterfield,Belts,Sib Lodewick,22-05-2018
LE-900-72216,Seymour Clemerson,Seymour,Clemerson,Mark-50,Lian Ballchin,17-07-2018
LE-935-61228,Ermengarde Downer,Ermengarde,Downer,Mark-1,Nomi Collister,19-04-2018
LE-050-54784,Monro Southerell,Monro,Southerell,Software and Drivers,Blythe Brea,12-06-2018
LE-204-81005,Celeste Lindenman,Celeste,Lindenman,Frame,Wernher Suthren,03-03-2018
LE-677-35513,Dusty Quinnell,Dusty,Quinnell,Mark-1,Janeczka Moorfield,11-06-2018
LE-039-18034,Theadora Dimnage,Theadora,Dimnage,Mark-10,Gasper Cowsby,05-07-2018
LE-573-62156,Donelle Managh,Donelle,Managh,Mark-10,Adria Biaggetti,22-06-2018
LE-400-00938,Brion Lavigne,Brion,Lavigne,Mark-50,Ximenez Trynor,12-06-2018
LE-687-31261,Sandy Lefort,Sandy,Lefort,Mark-50,Rogerio Van Leijs,23-04-2018
LE-321-93618,Barbaraanne Matussevich,Barbaraanne,Matussevich,Controller Board,Boris Belin,13-05-2018
LE-880-18083,Foster Yoxen,Foster,Yoxen,Mark-50,Rolando Coldbath,19-06-2018
LE-689-81895,Raff Janecek,Raff,Janecek,Mark-5,Skipton Innett,25-05-2018
LE-211-64624,Ezmeralda Morrallee,Ezmeralda,Morrallee,Print Bed,Appolonia McFall,02-04-2018
LE-131-43701,Maurizio Juden,Maurizio,Juden,Frame,Sarette Greenset,28-03-2018
LE-060-66697,Carilyn Dreng,Carilyn,Dreng,Controller Board,Denni Goodliffe,14-07-2018
LE-201-79039,Xerxes Courtman,Xerxes,Courtman,Filament,Pace Drayn,30-03-2018
LE-980-15347,Blondelle Odcroft,Blondelle,Odcroft,Mark-1,Blithe Davidwitz,12-03-2018
LE-138-34900,Katrinka Maudsley,Katrinka,Maudsley,Controller Board,Eloise Martyntsev,24-06-2018
LE-585-12441,Ameline Lipscomb,Ameline,Lipscomb,Jarvis-5 T,Sosanna Groocock,26-06-2018
LE-069-34790,Saunderson Busst,Saunderson,Busst,Mark-5,Shelli Hilland,08-05-2018
LE-763-87960,Tillie Aldhouse,Tillie,Aldhouse,Mark-50,Sharai Vose,08-03-2018
LE-708-29906,Stirling Huntingford,Stirling,Huntingford,Mark-5,Jania Precious,13-04-2018
LE-290-07273,Maggi Coupman,Maggi,Coupman,Mark-50,Cedric Fernyhough,08-06-2018
LE-330-15223,Jodi Beavan,Jodi,Beavan,Filament,Thoma Kohnemann,11-05-2018
LE-848-58063,Anstice Farrington,Anstice,Farrington,Frame,Grant Kopta,08-07-2018
LE-191-01537,Bertina Kmietsch,Bertina,Kmietsch,Mark-10,Hazlett Raitie,07-07-2018
LE-009-21016,Goober Shelborne,Goober,Shelborne,Filament,Carlie Eddowis,25-05-2018
LE-790-50714,Maurita Sheals,Maurita,Sheals,Mark-10,Ignacio Hattoe,03-05-2018
LE-041-06577,Nesta Baines,Nesta,Baines,Mark-1,Shellie Schriren,24-05-2018
LE-050-91185,Maribel Cubbon,Maribel,Cubbon,Mark-1,Adi Milkin,15-07-2018
LE-272-35866,Wayland McDavid,Wayland,McDavid,Mark-10,Stanleigh Champerlen,19-05-2018
LE-365-72909,Natalee Vitet,Natalee,Vitet,Frame,Nevin Whall,18-07-2018
LE-332-50205,Ambrosius Freeman,Ambrosius,Freeman,Frame,Susanetta Gilhouley,19-05-2018
LE-508-91209,Damaris Arkle,Damaris,Arkle,Jarvis-5 T,Sharia Phillp,16-04-2018
LE-177-00788,Bentley Pruvost,Bentley,Pruvost,Software and Drivers,Krissie Pudner,26-03-2018
LE-676-55062,Issie Matuszkiewicz,Issie,Matuszkiewicz,Frame,Cathie Emby,10-06-2018
LE-495-23061,Early Ferreli,Early,Ferreli,Software and Drivers,Thadeus Sollett,25-07-2018
LE-065-55585,Odelia Stolberg,Odelia,Stolberg,Controller Board,Emmanuel Winkworth,14-03-2018
LE-858-07849,Robinette Horning,Robinette,Horning,Jarvis-1 T,Brade Guswell,01-04-2018
LE-893-18197,Garrott Grocott,Garrott,Grocott,Mark-1,Kitty McClunaghan,08-04-2018
LE-345-35068,Packston Giacomucci,Packston,Giacomucci,Belts,Daria Pittam,15-07-2018
LE-182-89898,Charlot Killough,Charlot,Killough,Print Bed,Cazzie Cass,23-05-2018
LE-200-77370,Sheffy Haensel,Sheffy,Haensel,Software and Drivers,Anne-marie Bowra,28-04-2018
LE-847-16938,Cobb Folkes,Cobb,Folkes,Controller Board,Byrle Farahar,07-03-2018
LE-111-39239,Hewet Eskriet,Hewet,Eskriet,Belts,Torre Drage,22-03-2018
LE-128-79912,Clarey Martinovic,Clarey,Martinovic,Frame,Brittany Fargie,11-07-2018
LE-795-21311,Ignazio Navaro,Ignazio,Navaro,Jarvis-5 T,Boris Sparrow,26-05-2018
LE-210-05102,Shurlock Harmstone,Shurlock,Harmstone,Mark-50,Sanders Cheltnam,01-06-2018
LE-075-20681,Paulita Trigwell,Paulita,Trigwell,Controller Board,Layla Cavil,17-07-2018
LE-943-24847,Melodie McUre,Melodie,McUre,Frame,Pancho Baraclough,12-07-2018
LE-526-32000,Feodor Kelloch,Feodor,Kelloch,Mark-1,Jandy Willmont,13-03-2018
LE-229-39215,Joby Bentjens,Joby,Bentjens,Mark-5,Salomon Estcot,05-03-2018
LE-137-80460,Brad Gilbertson,Brad,Gilbertson,Belts,Killie Furlow,25-06-2018
LE-730-04445,Sibel Skentelbery,Sibel,Skentelbery,Print Bed,Axe Castillou,30-07-2018
LE-100-86782,Mehetabel MacKnockiter,Mehetabel,MacKnockiter,Controller Board,Lyn Bleier,11-03-2018
LE-927-94629,Violante Bracegirdle,Violante,Bracegirdle,Filament,Olly Hurlestone,24-03-2018
LE-832-31455,Ardisj McLleese,Ardisj,McLleese,Print Bed,Immanuel Cordelle,08-04-2018
LE-757-21176,Madalena Hearl,Madalena,Hearl,Mark-10,Andrej Penvarne,02-03-2018
LE-727-03422,Shurlocke Jackett,Shurlocke,Jackett,Jarvis-1 T,Gloria Biddell,19-05-2018
LE-800-80197,Desiri Nitti,Desiri,Nitti,Mark-1,Dulce McAster,23-03-2018
LE-058-16677,Kath Parcell,Kath,Parcell,Mark-50,Joshuah Simononsky,23-03-2018
LE-341-96020,Merrie Stetson,Merrie,Stetson,Software and Drivers,Brennan Thornthwaite,15-05-2018
LE-052-64941,Stillman Dugdale,Stillman,Dugdale,Filament,Bell Twinberrow,03-04-2018
LE-750-40982,Selig Berkowitz,Selig,Berkowitz,Filament,Carmina Jozwiak,04-03-2018
LE-809-15855,Antonio Moryson,Antonio,Moryson,Jarvis-5 T,Evania Collete,14-05-2018
LE-248-59157,Thorstein Hallward,Thorstein,Hallward,Mark-10,Bobinette Loram,05-07-2018
LE-942-92604,Erda Grece,Erda,Grece,Mark-50,Jecho D'Alesio,21-04-2018
LE-231-21622,Catherin Pietzner,Catherin,Pietzner,Mark-5,Meredith Palia,26-06-2018
LE-231-38187,Muffin Blackey,Muffin,Blackey,Jarvis-1 T,Tessa Dive,28-04-2018
LE-744-05618,Carver Sparkes,Carver,Sparkes,Jarvis-1 T,Lindsey Bulward,29-03-2018
LE-886-95510,Ibrahim Aylen,Ibrahim,Aylen,Controller Board,Cora Jekyll,02-03-2018
LE-879-19590,Barton Salle,Barton,Salle,Belts,Hewe Hambridge,05-07-2018
LE-805-83231,Peterus Benzing,Peterus,Benzing,Print Bed,Mersey Slainey,13-06-2018
LE-671-69053,Sandro Winwood,Sandro,Winwood,Mark-1,Stacy Parsley,27-03-2018
LE-816-70511,Etty Silliman,Etty,Silliman,Controller Board,Roseanna Leggin,08-05-2018
LE-891-06876,Clint Petzolt,Clint,Petzolt,Belts,Germain Davydkov,26-05-2018
LE-817-06235,Herold Santacrole,Herold,Santacrole,Filament,Allin Adam,03-07-2018
LE-517-69631,Ronni Harry,Ronni,Harry,Controller Board,Cacilia Unwins,19-07-2018
LE-903-12531,Emelita Campagne,Emelita,Campagne,Mark-10,Haley Stenett,14-07-2018
LE-055-43651,Vitia Sorrell,Vitia,Sorrell,Belts,Avivah Hillyatt,11-06-2018
LE-002-41047,Temp Vignal,Temp,Vignal,Jarvis-5 T,Say Durran,07-04-2018
LE-396-62766,Rodrick Back,Rodrick,Back,Frame,Saloma Trowle,02-05-2018
LE-717-32037,Sara-ann Olenikov,Sara-ann,Olenikov,Filament,Antoine Gamett,04-03-2018
LE-849-74231,Jan Brabon,Jan,Brabon,Frame,Lia O'Rudden,22-03-2018
LE-423-72619,Thayne Facey,Thayne,Facey,Mark-1,Amye Capinetti,13-05-2018
LE-771-78120,Libbie Jefford,Libbie,Jefford,Mark-50,Swen Coneron,17-05-2018
LE-482-09441,Bentley Pinner,Bentley,Pinner,Controller Board,Garrick Skace,16-03-2018
LE-738-14030,Erda McGahy,Erda,McGahy,Mark-10,Binny Gaitone,30-06-2018
LE-740-49425,Eldridge O'Corr,Eldridge,O'Corr,Filament,Euphemia Boick,27-03-2018
LE-410-85475,Zaneta McReynold,Zaneta,McReynold,Mark-5,Nomi Tolan,19-05-2018
LE-417-71904,Kennie Scoffins,Kennie,Scoffins,Mark-5,Rona Hasson,07-07-2018
LE-892-30940,Damian Gentzsch,Damian,Gentzsch,Print Bed,Audi Reinger,27-05-2018
LE-106-33428,Dorie Villaret,Dorie,Villaret,Jarvis-5 T,Sinclare Nesbit,10-05-2018
LE-061-43889,Wilona Odby,Wilona,Odby,Mark-10,Renaud Orr,21-05-2018
LE-231-03741,Merola Berick,Merola,Berick,Mark-1,Kessiah Renwick,04-06-2018
LE-991-84235,Jeddy Quincee,Jeddy,Quincee,Frame,Eleonore Schultheiss,14-04-2018
LE-677-70145,Theodoric Custard,Theodoric,Custard,Jarvis-1 T,Casey Usherwood,03-03-2018
LE-770-02050,Thaddeus Lapslie,Thaddeus,Lapslie,Mark-50,Colas Whetton,02-03-2018
LE-487-00618,Tierney Fogden,Tierney,Fogden,Frame,Marianne Pinnigar,16-07-2018
LE-831-13084,Lorain Denerley,Lorain,Denerley,Frame,Kassie Hedon,14-07-2018
LE-569-96218,Merell Bustard,Merell,Bustard,Mark-10,Connor Verey,12-05-2018
LE-000-49444,Noel Vandenhoff,Noel,Vandenhoff,Jarvis-5 T,Cristin Stubbeley,24-07-2018
LE-565-13499,Averil Calderhead,Averil,Calderhead,Filament,Lewes Huske,21-06-2018
LE-038-42520,Vannie Capini,Vannie,Capini,Filament,Horst Simm,30-04-2018
LE-416-68209,Nat Menco,Nat,Menco,Controller Board,Rasla McComb,14-05-2018
LE-022-87784,Heddi Simmons,Heddi,Simmons,Print Bed,Dionis Fleischmann,16-06-2018
LE-375-38495,Herta Fenge,Herta,Fenge,Controller Board,Read MacNeachtain,12-04-2018
LE-643-83044,Ninnetta Union,Ninnetta,Union,Mark-10,Brig Gerrie,15-03-2018
LE-032-76206,Terry Southouse,Terry,Southouse,Belts,Carena Perri,03-03-2018
LE-669-92150,Marion Oakes,Marion,Oakes,Software and Drivers,Davide Lax,05-05-2018
LE-557-63693,Florentia Ofer,Florentia,Ofer,Mark-10,Christen Waszkiewicz,16-06-2018
LE-356-48065,Rurik Chorley,Rurik,Chorley,Software and Drivers,Andria O'Corren,21-06-2018
LE-927-70080,Melisenda Forrestall,Melisenda,Forrestall,Mark-50,Edmon Skeemer,10-07-2018
LE-034-66384,Codi Coleborn,Codi,Coleborn,Frame,Seward Breslau,17-03-2018
LE-269-33100,Archibold Leven,Archibold,Leven,Mark-1,Henka Skures,13-06-2018
LE-981-18906,Elora Sazio,Elora,Sazio,Mark-10,Zora Weed,30-07-2018
LE-979-62166,Gran Damiata,Gran,Damiata,Mark-1,Donica Sawday,09-03-2018
LE-653-89497,Noah Carradice,Noah,Carradice,Mark-50,Oralee Karlolczak,25-04-2018
LE-338-20842,Raynor Yesson,Raynor,Yesson,Filament,Darcy Sears,30-07-2018
LE-188-90788,Elijah Silcock,Elijah,Silcock,Software and Drivers,Sophronia Dron,13-03-2018
LE-162-59780,Celine Bruni,Celine,Bruni,Filament,Rancell Silvermann,23-03-2018
LE-134-10423,Agnola Traise,Agnola,Traise,Jarvis-5 T,Nicolis McGlade,07-03-2018
LE-545-23247,Claybourne Phillpot,Claybourne,Phillpot,Print Bed,Wren Knoble,28-05-2018
LE-596-94068,Yuma Edworthie,Yuma,Edworthie,Mark-5,Staci Lardnar,18-05-2018
LE-102-32018,Timotheus Scardifeild,Timotheus,Scardifeild,Jarvis-1 T,Dix Starmer,18-04-2018
LE-056-65028,Ethe Treanor,Ethe,Treanor,Frame,Norina Burdon,12-06-2018
LE-013-22955,Padraic Ivantsov,Padraic,Ivantsov,Mark-5,Katharine Treamayne,09-06-2018
LE-338-40749,Helen-elizabeth Puckham,Helen-elizabeth,Puckham,Controller Board,Jefferson Fluin,27-07-2018
LE-959-72549,Fields Camlin,Fields,Camlin,Frame,Sidoney Leyman,19-07-2018
LE-741-32746,Farrel Kuhndel,Farrel,Kuhndel,Jarvis-5 T,Maryjane Gibke,20-07-2018
LE-834-07992,Caroline Krysiak,Caroline,Krysiak,Frame,Issi Baggot,17-05-2018
LE-311-32841,Lita Duffus,Lita,Duffus,Jarvis-5 T,Ruth Dimitru,08-05-2018
LE-905-93435,Neda Mapledoore,Neda,Mapledoore,Mark-5,Drusy Jurasz,25-05-2018
LE-158-67714,Rosette Phelan,Rosette,Phelan,Mark-1,Norris Adger,15-06-2018
LE-496-44867,Collette Samwyse,Collette,Samwyse,Mark-10,Chandal Ridgwell,04-05-2018
LE-888-66045,Wolfy Van Haeften,Wolfy,Van Haeften,Software and Drivers,Vikas Kishanrao Thamke,31-05-2018
LE-797-47922,Aleece Monteath,Aleece,Monteath,Print Bed,Vishal Shakya,09-04-2018
LE-435-02279,Roderic Althorp,Roderic,Althorp,Filament,Amandeep Singh,04-07-2018
LE-260-91509,Diego Cockran,Diego,Cockran,Belts,Amandeep Singh,15-03-2018
LE-956-91301,Arri Shovelton,Arri,Shovelton,Jarvis-5 T,Vikas Kishanrao Thamke,01-06-2018
LE-739-58992,Jerri Jeacock,Jerri,Jeacock,Frame,Amandeep Singh,23-07-2018
LE-552-93896,Guglielmo Damato,Guglielmo,Damato,Print Bed,Vishal Shakya,02-05-2018
LE-516-87081,Esta Caudle,Esta,Caudle,Belts,Vikas Kishanrao Thamke,15-05-2018
LE-212-36567,Benji Quig,Benji,Quig,Software and Drivers,Amandeep Singh,26-07-2018
LE-077-58046,Robby Daburn,Robby,Daburn,Mark-50,Hitesh Madhukar Patil,17-04-2018
LE-263-53881,Mariann Simioli,Mariann,Simioli,Jarvis-1 T,Amandeep Singh,29-07-2018
LE-014-29474,Wallas Cluet,Wallas,Cluet,Mark-1,Vikas Kishanrao Thamke,10-06-2018
LE-374-62454,Kameko Dartnall,Kameko,Dartnall,Belts,Hitesh Madhukar Patil,23-04-2018
LE-478-02535,Daphene Gosling,Daphene,Gosling,Frame,Amandeep Singh,27-06-2018
LE-718-37392,Shelley Bertwistle,Shelley,Bertwistle,Frame,Amandeep Singh,23-07-2018
LE-131-10000,Kimmie Olivas,Kimmie,Olivas,Mark-50,Vishal Shakya,29-06-2018
LE-008-01607,Herman Woolager,Herman,Woolager,Mark-1,Hitesh Madhukar Patil,20-03-2018
LE-247-20537,Gun Sasser,Gun,Sasser,Jarvis-5 T,Vishal Shakya,01-07-2018
LE-904-79935,Meier Shirrell,Meier,Shirrell,Belts,Vikas Kishanrao Thamke,08-07-2018
LE-686-55149,Uriah Lacy,Uriah,Lacy,Filament,Hitesh Madhukar Patil,10-06-2018
LE-482-21197,Lyndsey Meadus,Lyndsey,Meadus,Print Bed,Amandeep Singh,27-03-2018
LE-201-60656,Claudian Veldman,Claudian,Veldman,Filament,Amandeep Singh,16-04-2018
LE-093-62421,Terri-jo Codlin,Terri-jo,Codlin,Mark-10,Amandeep Singh,17-05-2018
LE-319-58621,Orran Coulsen,Orran,Coulsen,Software and Drivers,Vikas Kishanrao Thamke,10-04-2018
LE-867-78937,Nicola Benit,Nicola,Benit,Controller Board,Vikas Kishanrao Thamke,09-07-2018
LE-917-37068,Todd Merrell,Todd,Merrell,Filament,Vishal Shakya,17-04-2018
LE-848-48760,Aldon Crampin,Aldon,Crampin,Mark-10,Amandeep Singh,14-06-2018
LE-549-05887,Maury Fasey,Maury,Fasey,Mark-50,Hitesh Madhukar Patil,05-04-2018
LE-171-34008,Nellie Schlag,Nellie,Schlag,Mark-10,Vikas Kishanrao Thamke,25-05-2018
LE-047-09049,Germayne Antoinet,Germayne,Antoinet,Belts,Amandeep Singh,29-03-2018
LE-765-03740,Herbie Boulder,Herbie,Boulder,Mark-10,Amandeep Singh,28-06-2018
LE-643-51234,Reuven Spacie,Reuven,Spacie,Mark-5,Vikas Kishanrao Thamke,09-06-2018
LE-262-01716,Marwin Neeson,Marwin,Neeson,Belts,Vishal Shakya,23-04-2018
LE-071-78540,Aidan Lafranconi,Aidan,Lafranconi,Controller Board,Hitesh Madhukar Patil,21-03-2018
LE-110-05859,Fredia Andreutti,Fredia,Andreutti,Frame,Vikas Kishanrao Thamke,15-04-2018
LE-149-12838,Yanaton Bartolomeu,Yanaton,Bartolomeu,Software and Drivers,Hitesh Madhukar Patil,10-03-2018
LE-831-95165,Delia Yakobowitz,Delia,Yakobowitz,Mark-1,Hitesh Madhukar Patil,13-06-2018
LE-542-81914,Curran Hastings,Curran,Hastings,Mark-5,Amandeep Singh,03-05-2018
LE-311-65563,Gannon Ravenscroft,Gannon,Ravenscroft,Print Bed,Vishal Shakya,10-06-2018
LE-181-10309,Brad Hallam,Brad,Hallam,Jarvis-1 T,Amandeep Singh,16-06-2018
LE-810-69094,Koren Bywater,Koren,Bywater,Mark-1,Hitesh Madhukar Patil,11-03-2018
LE-077-60300,Jesse Este,Jesse,Este,Jarvis-1 T,Hitesh Madhukar Patil,29-05-2018
LE-855-37649,Alphonse Yesenev,Alphonse,Yesenev,Print Bed,Vikas Kishanrao Thamke,06-04-2018
LE-089-68547,Avie Leary,Avie,Leary,Software and Drivers,Vikas Kishanrao Thamke,29-06-2018
LE-231-47762,Jacobo Vost,Jacobo,Vost,Frame,Hitesh Madhukar Patil,01-05-2018
LE-743-31595,Ashlan Goodhew,Ashlan,Goodhew,Filament,Amandeep Singh,03-06-2018
LE-611-02581,Leroi Scaice,Leroi,Scaice,Jarvis-1 T,Amandeep Singh,11-06-2018
LE-550-48988,Roxana Foldes,Roxana,Foldes,Belts,Vikas Kishanrao Thamke,11-04-2018
LE-052-47586,Meriel Jermin,Meriel,Jermin,Print Bed,Hitesh Madhukar Patil,18-05-2018
LE-458-54627,Rainer MacIan,Rainer,MacIan,Controller Board,Amandeep Singh,23-06-2018
LE-938-43808,Valina Hovey,Valina,Hovey,Jarvis-5 T,Hitesh Madhukar Patil,22-07-2018
LE-199-60820,Lemmy Gare,Lemmy,Gare,Mark-50,Vikas Kishanrao Thamke,11-06-2018
LE-172-67868,Carita Walhedd,Carita,Walhedd,Mark-50,Hitesh Madhukar Patil,27-05-2018
LE-351-22554,Freddie Chanders,Freddie,Chanders,Jarvis-5 T,Hitesh Madhukar Patil,15-07-2018
LE-186-82707,Ingram Gouldsmith,Ingram,Gouldsmith,Mark-5,Hitesh Madhukar Patil,25-04-2018
LE-948-80189,Yoko Shotbolt,Yoko,Shotbolt,Mark-10,Vishal Shakya,14-04-2018
LE-660-51511,Jill Sclater,Jill,Sclater,Filament,Hitesh Madhukar Patil,02-04-2018
LE-950-56945,Abbey Alleyn,Abbey,Alleyn,Mark-50,Hitesh Madhukar Patil,26-06-2018
LE-165-74141,Dre Sweetnam,Dre,Sweetnam,Belts,Vishal Shakya,19-03-2018
LE-057-94821,Merle Maskall,Merle,Maskall,Jarvis-5 T,Hitesh Madhukar Patil,21-06-2018
LE-900-07029,Raffarty Kadd,Raffarty,Kadd,Mark-50,Vikas Kishanrao Thamke,02-06-2018
LE-332-56742,Kati Nerney,Kati,Nerney,Belts,Amandeep Singh,01-07-2018
LE-426-59033,Jasun Jennions,Jasun,Jennions,Filament,Vishal Shakya,02-04-2018
LE-081-74036,Heall Denes,Heall,Denes,Jarvis-5 T,Vishal Shakya,14-05-2018
LE-163-30833,Claire Fitch,Claire,Fitch,Filament,Vikas Kishanrao Thamke,12-06-2018
LE-085-40374,Adolph Faustin,Adolph,Faustin,Jarvis-5 T,Vishal Shakya,09-03-2018
LE-796-09841,Valeda Kellard,Valeda,Kellard,Jarvis-5 T,Vishal Shakya,04-03-2018
LE-361-86477,Roanna Antonognoli,Roanna,Antonognoli,Controller Board,Vikas Kishanrao Thamke,06-07-2018
LE-454-50189,Humberto Snawdon,Humberto,Snawdon,Jarvis-5 T,Amandeep Singh,12-03-2018
LE-355-36256,Shurwood Huison,Shurwood,Huison,Software and Drivers,Vishal Shakya,07-04-2018
LE-226-30547,Shep Casazza,Shep,Casazza,Jarvis-1 T,Hitesh Madhukar Patil,06-04-2018
LE-411-26246,Dixie Spriggs,Dixie,Spriggs,Mark-50,Amandeep Singh,18-03-2018
LE-013-62258,Roana Rival,Roana,Rival,Frame,Hitesh Madhukar Patil,18-05-2018
LE-429-78346,Ferris Sprakes,Ferris,Sprakes,Controller Board,Vikas Kishanrao Thamke,04-03-2018
LE-777-69627,Madelon Marien,Madelon,Marien,Belts,Amandeep Singh,17-07-2018
LE-658-18560,Hunfredo Dumper,Hunfredo,Dumper,Frame,Amandeep Singh,05-05-2018
LE-413-22489,Matthieu Kayne,Matthieu,Kayne,Belts,Amandeep Singh,09-06-2018
LE-472-67556,Birgit Goulding,Birgit,Goulding,Software and Drivers,Hitesh Madhukar Patil,22-07-2018
LE-397-01379,Andie Arter,Andie,Arter,Controller Board,Vikas Kishanrao Thamke,03-04-2018
LE-854-27251,Bobinette Burdoun,Bobinette,Burdoun,Mark-50,Hitesh Madhukar Patil,17-07-2018
LE-141-62263,Sheila-kathryn Lambis,Sheila-kathryn,Lambis,Mark-5,Vikas Kishanrao Thamke,26-06-2018
LE-738-81130,Viviene McKea,Viviene,McKea,Mark-5,Hitesh Madhukar Patil,04-03-2018
LE-715-07775,Bone Shreve,Bone,Shreve,Frame,Vishal Shakya,04-07-2018
LE-031-10892,Isaak Fearnyough,Isaak,Fearnyough,Filament,Amandeep Singh,22-06-2018
LE-196-74356,Sandie Swanson,Sandie,Swanson,Controller Board,Vishal Shakya,12-03-2018
LE-508-47686,Kiley Reedie,Kiley,Reedie,Jarvis-1 T,Vishal Shakya,03-05-2018
LE-479-13190,Garey Gonnely,Garey,Gonnely,Jarvis-5 T,Hitesh Madhukar Patil,11-06-2018
LE-693-76141,Frederica McAuslene,Frederica,McAuslene,Mark-1,Vikas Kishanrao Thamke,29-05-2018
LE-228-84267,Ninette Ninnoli,Ninette,Ninnoli,Frame,Amandeep Singh,06-07-2018
LE-529-39126,Thornton Gooly,Thornton,Gooly,Print Bed,Vishal Shakya,12-03-2018
LE-433-15933,Horacio Abden,Horacio,Abden,Belts,Amandeep Singh,07-06-2018
LE-812-16362,Ethelda Haley,Ethelda,Haley,Mark-5,Hitesh Madhukar Patil,31-07-2018
LE-474-43112,Kylie Biset,Kylie,Biset,Mark-50,Vikas Kishanrao Thamke,30-04-2018
LE-881-47288,Christophe Ulyet,Christophe,Ulyet,Mark-10,Hitesh Madhukar Patil,10-04-2018
LE-728-38282,Verla McKevitt,Verla,McKevitt,Jarvis-5 T,Hitesh Madhukar Patil,10-06-2018
LE-333-95059,Kris Wittier,Kris,Wittier,Mark-5,Amandeep Singh,17-03-2018
LE-908-47745,Freda Gudge,Freda,Gudge,Mark-10,Hitesh Madhukar Patil,15-06-2018
LE-565-74553,Thomas Kamenar,Thomas,Kamenar,Filament,Amandeep Singh,27-05-2018
LE-365-36490,Gray Gherardi,Gray,Gherardi,Filament,Hitesh Madhukar Patil,04-07-2018
LE-460-66935,Patsy Blackett,Patsy,Blackett,Frame,Vikas Kishanrao Thamke,22-03-2018
LE-972-77363,Marty Ramsay,Marty,Ramsay,Jarvis-1 T,Hitesh Madhukar Patil,01-06-2018
LE-805-22718,Katha Ciccottini,Katha,Ciccottini,Mark-5,Hitesh Madhukar Patil,01-04-2018
LE-498-26105,Aleta Droogan,Aleta,Droogan,Filament,Hitesh Madhukar Patil,08-03-2018
LE-666-61228,Jessie Harrema,Jessie,Harrema,Belts,Vikas Kishanrao Thamke,29-06-2018
LE-706-51816,Tedi Aaronson,Tedi,Aaronson,Print Bed,Vikas Kishanrao Thamke,13-06-2018
LE-942-99706,Normie Gouny,Normie,Gouny,Jarvis-5 T,Vikas Kishanrao Thamke,29-07-2018
LE-495-79550,Lucien Jerams,Lucien,Jerams,Belts,Vikas Kishanrao Thamke,04-04-2018
LE-318-64215,Aggi Hildrew,Aggi,Hildrew,Mark-5,Vikas Kishanrao Thamke,07-05-2018
LE-991-16345,Rodger Lawleff,Rodger,Lawleff,Mark-5,Amandeep Singh,16-03-2018
LE-969-66477,Antonella Sumers,Antonella,Sumers,Frame,Vikas Kishanrao Thamke,19-06-2018
LE-886-43643,Lib Wehner,Lib,Wehner,Jarvis-1 T,Hitesh Madhukar Patil,25-05-2018
LE-708-73583,Benedick Sallnow,Benedick,Sallnow,Mark-5,Vishal Shakya,26-03-2018
LE-265-83161,Sandie Tosh,Sandie,Tosh,Print Bed,Vikas Kishanrao Thamke,09-06-2018
LE-764-24499,Aeriel Duckham,Aeriel,Duckham,Filament,Hitesh Madhukar Patil,12-06-2018
LE-420-01350,Ade Wandrach,Ade,Wandrach,Jarvis-1 T,Vikas Kishanrao Thamke,29-03-2018
LE-901-27357,Reade Oxbrough,Reade,Oxbrough,Mark-5,Hitesh Madhukar Patil,29-04-2018
LE-803-48433,Kale Bohlens,Kale,Bohlens,Belts,Hitesh Madhukar Patil,22-07-2018
LE-431-45470,Yule Caulton,Yule,Caulton,Print Bed,Vishal Shakya,14-04-2018
LE-633-28644,Kerr Echalier,Kerr,Echalier,Frame,Vikas Kishanrao Thamke,19-04-2018
LE-605-86806,Ailina Larmor,Ailina,Larmor,Controller Board,Vishal Shakya,21-06-2018
LE-145-00529,Odessa Rawnsley,Odessa,Rawnsley,Frame,Vikas Kishanrao Thamke,28-05-2018
LE-510-80282,Gwyn Brisseau,Gwyn,Brisseau,Print Bed,Hitesh Madhukar Patil,06-07-2018
LE-326-00851,Carlin Gerauld,Carlin,Gerauld,Controller Board,Vikas Kishanrao Thamke,29-04-2018
LE-253-75680,Cobb Piper,Cobb,Piper,Mark-10,Vishal Shakya,07-07-2018
LE-538-12540,Cecilius Pactat,Cecilius,Pactat,Filament,Vishal Shakya,25-03-2018
LE-496-36164,Rubetta Petrello,Rubetta,Petrello,Controller Board,Amandeep Singh,28-07-2018
LE-018-11648,Keenan MacCrann,Keenan,MacCrann,Mark-10,Vishal Shakya,13-04-2018
LE-025-26579,Risa Rzehorz,Risa,Rzehorz,Filament,Amandeep Singh,11-05-2018
LE-123-93683,Chaunce Whitear,Chaunce,Whitear,Filament,Hitesh Madhukar Patil,13-06-2018
LE-759-05757,Federico Feehely,Federico,Feehely,Jarvis-5 T,Vishal Shakya,18-04-2018
LE-738-61628,Harley Fosse,Harley,Fosse,Jarvis-5 T,Vishal Shakya,03-03-2018
LE-939-06246,Monte MacGarrity,Monte,MacGarrity,Mark-50,Hitesh Madhukar Patil,07-04-2018
LE-993-83326,Thadeus Champerlen,Thadeus,Champerlen,Mark-5,Vishal Shakya,18-05-2018
LE-962-33589,Marven Bonson,Marven,Bonson,Frame,Vikas Kishanrao Thamke,15-06-2018
LE-001-01335,Kristin Helliar,Kristin,Helliar,Mark-10,Amandeep Singh,06-06-2018
LE-279-01294,Ellen Mawer,Ellen,Mawer,Jarvis-5 T,Vishal Shakya,23-07-2018
LE-051-63906,Tori Jorgensen,Tori,Jorgensen,Filament,Hitesh Madhukar Patil,14-04-2018
LE-065-86800,Muffin Gouldsmith,Muffin,Gouldsmith,Mark-50,Amandeep Singh,03-03-2018
LE-206-63490,Addy Spurnier,Addy,Spurnier,Controller Board,Vikas Kishanrao Thamke,26-03-2018
LE-052-01775,Dennis Skegg,Dennis,Skegg,Mark-5,Hitesh Madhukar Patil,19-03-2018
LE-241-33147,Karlens Azam,Karlens,Azam,Frame,Amandeep Singh,10-05-2018
LE-306-91614,Ranee Hasson,Ranee,Hasson,Filament,Amandeep Singh,12-06-2018
LE-519-42530,Birgit Caret,Birgit,Caret,Belts,Vishal Shakya,17-07-2018
LE-067-83795,Shelia Langworthy,Shelia,Langworthy,Jarvis-1 T,Amandeep Singh,20-05-2018
LE-688-96373,Erika Ffrench,Erika,Ffrench,Filament,Vishal Shakya,22-05-2018
LE-904-44321,Nicoli Barbier,Nicoli,Barbier,Print Bed,Amandeep Singh,09-06-2018
LE-754-90005,Dru Cobley,Dru,Cobley,Software and Drivers,Vishal Shakya,26-05-2018
LE-662-75563,Carley Clingan,Carley,Clingan,Mark-1,Vikas Kishanrao Thamke,30-04-2018
LE-768-33455,Diarmid Arstingall,Diarmid,Arstingall,Software and Drivers,Amandeep Singh,04-04-2018
LE-826-07200,Emmy Bruntje,Emmy,Bruntje,Software and Drivers,Vikas Kishanrao Thamke,19-04-2018
LE-896-50233,Urban Oddie,Urban,Oddie,Jarvis-1 T,Vikas Kishanrao Thamke,12-05-2018
LE-211-49237,Raleigh Stennett,Raleigh,Stennett,Mark-10,Hitesh Madhukar Patil,21-07-2018
LE-504-34142,Mara Coomes,Mara,Coomes,Mark-5,Vikas Kishanrao Thamke,01-07-2018
LE-265-36429,Lucio Beartup,Lucio,Beartup,Controller Board,Hitesh Madhukar Patil,28-07-2018
LE-196-44758,Hilary Howels,Hilary,Howels,Jarvis-5 T,Vikas Kishanrao Thamke,07-04-2018
LE-710-49884,Ronna McLaren,Ronna,McLaren,Jarvis-5 T,Vishal Shakya,12-04-2018
LE-985-12411,Terrel Burnyeat,Terrel,Burnyeat,Belts,Hitesh Madhukar Patil,18-07-2018
LE-226-24067,Abbe Axon,Abbe,Axon,Frame,Vishal Shakya,16-04-2018
LE-148-97579,Marcia Bowgen,Marcia,Bowgen,Controller Board,Amandeep Singh,21-04-2018
LE-338-37594,Lewie Halvosen,Lewie,Halvosen,Controller Board,Vishal Shakya,24-06-2018
LE-125-23630,Waldo Gilbank,Waldo,Gilbank,Jarvis-1 T,Vishal Shakya,30-06-2018
LE-287-25186,Royal Terbeck,Royal,Terbeck,Filament,Vishal Shakya,19-07-2018
LE-594-90440,Rora Bayford,Rora,Bayford,Filament,Vishal Shakya,24-07-2018
LE-169-28830,Dew Peaker,Dew,Peaker,Software and Drivers,Vikas Kishanrao Thamke,05-06-2018
LE-723-12093,Bernard Bembridge,Bernard,Bembridge,Controller Board,Vikas Kishanrao Thamke,25-05-2018
LE-081-42746,Larine Treacher,Larine,Treacher,Controller Board,Vishal Shakya,13-03-2018
LE-114-69939,Eldin Carnihan,Eldin,Carnihan,Mark-10,Vikas Kishanrao Thamke,05-04-2018
LE-221-35978,Michel Swetland,Michel,Swetland,Mark-50,Vikas Kishanrao Thamke,13-03-2018
LE-390-39744,Gui Bulley,Gui,Bulley,Jarvis-1 T,Vikas Kishanrao Thamke,28-06-2018
LE-922-22557,Sybilla Trahar,Sybilla,Trahar,Mark-1,Vikas Kishanrao Thamke,03-06-2018
LE-405-81394,Nessie Giacopelo,Nessie,Giacopelo,Print Bed,Vikas Kishanrao Thamke,27-06-2018
LE-603-41338,Buiron Gussin,Buiron,Gussin,Jarvis-1 T,Hitesh Madhukar Patil,02-06-2018
LE-877-26413,Gerek Battyll,Gerek,Battyll,Jarvis-5 T,Vishal Shakya,13-05-2018
LE-021-37603,Yasmeen Vennings,Yasmeen,Vennings,Mark-50,Vikas Kishanrao Thamke,11-03-2018
LE-100-84314,Earlie Behan,Earlie,Behan,Software and Drivers,Vikas Kishanrao Thamke,05-07-2018
LE-384-65260,Bourke Chance,Bourke,Chance,Print Bed,Amandeep Singh,27-06-2018
LE-088-04891,Wells Foskew,Wells,Foskew,Mark-50,Vikas Kishanrao Thamke,23-04-2018
LE-853-48954,Rosmunda Frenzel;,Rosmunda,Frenzel;,Frame,Amandeep Singh,13-03-2018
LE-245-05955,Pansy Ivankov,Pansy,Ivankov,Filament,Hitesh Madhukar Patil,22-07-2018
LE-597-48029,Joleen Gwatkin,Joleen,Gwatkin,Software and Drivers,Amandeep Singh,21-06-2018
LE-897-57369,Joshuah Edelston,Joshuah,Edelston,Jarvis-1 T,Vishal Shakya,11-07-2018
LE-829-19791,Katusha Balazot,Katusha,Balazot,Mark-1,Hitesh Madhukar Patil,16-03-2018
LE-088-08060,Barbette Wychard,Barbette,Wychard,Mark-10,Hitesh Madhukar Patil,29-03-2018
LE-651-71614,Chrysler Halloway,Chrysler,Halloway,Frame,Hitesh Madhukar Patil,25-03-2018
LE-484-21720,Tony Feldstein,Tony,Feldstein,Mark-5,Amandeep Singh,14-04-2018
LE-035-44195,Abbi Paffett,Abbi,Paffett,Mark-5,Hitesh Madhukar Patil,02-07-2018
LE-071-24566,Trstram Seabourne,Trstram,Seabourne,Frame,Hitesh Madhukar Patil,06-05-2018
LE-975-27084,Laurie Cutbirth,Laurie,Cutbirth,Filament,Hitesh Madhukar Patil,14-07-2018
LE-555-71285,Meriel Cheales,Meriel,Cheales,Mark-5,Vikas Kishanrao Thamke,13-03-2018
LE-292-64576,Logan Oscroft,Logan,Oscroft,Mark-5,Amandeep Singh,02-03-2018
LE-321-20835,Renault Parman,Renault,Parman,Frame,Amandeep Singh,17-05-2018
LE-867-80700,Tades Ick,Tades,Ick,Belts,Vishal Shakya,19-03-2018
LE-343-97804,Isis Tchir,Isis,Tchir,Filament,Hitesh Madhukar Patil,24-04-2018
LE-816-26476,Moore Loffill,Moore,Loffill,Mark-10,Vikas Kishanrao Thamke,04-03-2018
LE-315-59182,Chantalle Burdass,Chantalle,Burdass,Software and Drivers,Hitesh Madhukar Patil,20-03-2018
LE-934-21248,Barbie Craise,Barbie,Craise,Jarvis-5 T,Hitesh Madhukar Patil,04-03-2018
LE-386-05945,Xever Boome,Xever,Boome,Mark-5,Amandeep Singh,09-04-2018
LE-840-80736,Donovan Charpin,Donovan,Charpin,Filament,Vishal Shakya,24-06-2018
LE-082-18227,Arlene Beade,Arlene,Beade,Filament,Vikas Kishanrao Thamke,19-05-2018
LE-299-87820,Fidelia Barrott,Fidelia,Barrott,Jarvis-1 T,Hitesh Madhukar Patil,11-04-2018
LE-545-74232,Joelle Liversedge,Joelle,Liversedge,Controller Board,Vishal Shakya,16-03-2018
LE-219-33190,Alvera Tremblay,Alvera,Tremblay,Mark-50,Hitesh Madhukar Patil,03-03-2018
LE-237-85495,Tabitha Cosbey,Tabitha,Cosbey,Filament,Amandeep Singh,17-06-2018
LE-258-23376,Nannette Bennetts,Nannette,Bennetts,Mark-50,Vikas Kishanrao Thamke,13-05-2018
LE-368-66903,Humbert Cairns,Humbert,Cairns,Controller Board,Hitesh Madhukar Patil,01-04-2018
LE-548-05110,Melita Haggidon,Melita,Haggidon,Mark-5,Hitesh Madhukar Patil,16-05-2018
LE-719-90850,Artemus Fidian,Artemus,Fidian,Mark-1,Hitesh Madhukar Patil,11-07-2018
LE-841-29120,Barrie Hoult,Barrie,Hoult,Filament,Amandeep Singh,05-06-2018
LE-638-27247,Alvinia Pestell,Alvinia,Pestell,Jarvis-1 T,Vikas Kishanrao Thamke,07-05-2018
LE-844-08439,Hy Stickles,Hy,Stickles,Filament,Amandeep Singh,12-05-2018
LE-040-31296,Marybeth Reuter,Marybeth,Reuter,Controller Board,Vikas Kishanrao Thamke,03-03-2018
LE-630-51463,Frasco Buttle,Frasco,Buttle,Mark-10,Vishal Shakya,09-04-2018
LE-265-92218,Shayna Ginnell,Shayna,Ginnell,Mark-50,Vikas Kishanrao Thamke,18-03-2018
LE-645-40470,Aylmer Gapp,Aylmer,Gapp,Mark-10,Amandeep Singh,01-06-2018
LE-993-90398,Dieter Duncan,Dieter,Duncan,Print Bed,Amandeep Singh,10-05-2018
LE-695-26120,Marius Medina,Marius,Medina,Controller Board,Vishal Shakya,24-06-2018
LE-886-35069,Guillaume Greggs,Guillaume,Greggs,Mark-10,Hitesh Madhukar Patil,18-05-2018
LE-084-17370,Meir Mallabund,Meir,Mallabund,Controller Board,Amandeep Singh,08-03-2018
LE-473-55212,Maryl Jirieck,Maryl,Jirieck,Mark-50,Amandeep Singh,16-04-2018
LE-553-92661,Chick Plumm,Chick,Plumm,Filament,Hitesh Madhukar Patil,07-05-2018
LE-139-91129,Phebe Yushachkov,Phebe,Yushachkov,Print Bed,Hitesh Madhukar Patil,13-07-2018
LE-750-99552,Viviyan Melville,Viviyan,Melville,Mark-10,Hitesh Madhukar Patil,11-04-2018
LE-464-25081,Diann Trask,Diann,Trask,Software and Drivers,Hitesh Madhukar Patil,20-05-2018
LE-932-41831,Niels McKerley,Niels,McKerley,Belts,Hitesh Madhukar Patil,20-05-2018
LE-170-07855,Cullen Ewestace,Cullen,Ewestace,Filament,Hitesh Madhukar Patil,27-06-2018
LE-179-34929,Katharina Parris,Katharina,Parris,Mark-1,Hitesh Madhukar Patil,19-03-2018
LE-417-91274,Nolana Tildesley,Nolana,Tildesley,Mark-5,Vishal Shakya,11-07-2018
LE-648-99349,Steffie Yeld,Steffie,Yeld,Jarvis-5 T,Hitesh Madhukar Patil,08-06-2018
LE-156-74737,Florian Blague,Florian,Blague,Controller Board,Vikas Kishanrao Thamke,06-06-2018
LE-691-67883,Tonnie Kerwick,Tonnie,Kerwick,Belts,Vishal Shakya,01-06-2018
LE-948-52042,Blake Delagnes,Blake,Delagnes,Mark-1,Hitesh Madhukar Patil,04-05-2018
LE-192-92654,Mendel Swatten,Mendel,Swatten,Jarvis-5 T,Hitesh Madhukar Patil,27-06-2018
LE-009-80273,Tonia Ludvigsen,Tonia,Ludvigsen,Mark-50,Vikas Kishanrao Thamke,13-06-2018
LE-079-75974,Halsey Ickovits,Halsey,Ickovits,Mark-5,Vikas Kishanrao Thamke,05-04-2018
LE-046-03757,Sondra Kellen,Sondra,Kellen,Frame,Vishal Shakya,06-07-2018
LE-351-48070,Pebrook Sweeny,Pebrook,Sweeny,Filament,Hitesh Madhukar Patil,29-05-2018
LE-374-16125,Adeline Muxworthy,Adeline,Muxworthy,Jarvis-5 T,Hitesh Madhukar Patil,27-05-2018
LE-249-63778,Latrena Dougill,Latrena,Dougill,Mark-10,Vishal Shakya,17-06-2018
LE-084-93322,Samaria Darnbrough,Samaria,Darnbrough,Frame,Vishal Shakya,13-06-2018
LE-396-39486,Malia Tregent,Malia,Tregent,Belts,Vishal Shakya,20-07-2018
LE-472-57526,Reade Simla,Reade,Simla,Mark-5,Vikas Kishanrao Thamke,16-04-2018
LE-706-82344,Gui Benet,Gui,Benet,Software and Drivers,Hitesh Madhukar Patil,04-04-2018
LE-351-75233,Kory Linsey,Kory,Linsey,Belts,Amandeep Singh,24-05-2018
LE-890-99868,Jermain Bazoge,Jermain,Bazoge,Mark-10,Amandeep Singh,11-04-2018
LE-755-29302,Alice Leghorn,Alice,Leghorn,Frame,Vikas Kishanrao Thamke,07-05-2018
LE-024-40524,Lenora Silly,Lenora,Silly,Jarvis-5 T,Amandeep Singh,11-04-2018
LE-435-15977,Rene Willison,Rene,Willison,Belts,Hitesh Madhukar Patil,05-05-2018
LE-582-35937,Georgie Durning,Georgie,Durning,Filament,Vikas Kishanrao Thamke,21-04-2018
LE-758-39103,Kitty Ledbetter,Kitty,Ledbetter,Mark-1,Hitesh Madhukar Patil,31-07-2018
LE-850-00206,Alexandra Emsley,Alexandra,Emsley,Belts,Hitesh Madhukar Patil,17-03-2018
LE-620-10691,Sarette Coster,Sarette,Coster,Mark-1,Amandeep Singh,29-05-2018
LE-299-81958,Tess Utterson,Tess,Utterson,Software and Drivers,Hitesh Madhukar Patil,12-06-2018
LE-448-70780,Schuyler Melmeth,Schuyler,Melmeth,Mark-1,Vishal Shakya,17-06-2018
LE-490-30688,Gustie Idiens,Gustie,Idiens,Mark-50,Hitesh Madhukar Patil,05-04-2018
LE-573-51818,Micaela Cod,Micaela,Cod,Software and Drivers,Hitesh Madhukar Patil,18-03-2018
LE-461-87115,Agnella Ferrarello,Agnella,Ferrarello,Mark-1,Hitesh Madhukar Patil,24-06-2018
LE-242-20204,Aurora Leverton,Aurora,Leverton,Jarvis-1 T,Vishal Shakya,18-04-2018
LE-251-66149,Bevan Capewell,Bevan,Capewell,Mark-50,Vishal Shakya,11-07-2018
LE-360-01300,Randolph Padgett,Randolph,Padgett,Mark-50,Hitesh Madhukar Patil,13-05-2018
LE-692-79307,Papageno Canby,Papageno,Canby,Software and Drivers,Hitesh Madhukar Patil,25-04-2018
LE-381-75979,Brody Pau,Brody,Pau,Jarvis-5 T,Hitesh Madhukar Patil,29-03-2018
LE-114-27402,Melisande Work,Melisande,Work,Frame,Vishal Shakya,13-06-2018
LE-547-43436,Tatum Mayhew,Tatum,Mayhew,Jarvis-1 T,Vikas Kishanrao Thamke,30-04-2018
LE-406-51242,Mendie McGorman,Mendie,McGorman,Belts,Vikas Kishanrao Thamke,26-07-2018
LE-483-25359,Emmett Chalcot,Emmett,Chalcot,Jarvis-1 T,Hitesh Madhukar Patil,02-04-2018
LE-475-98541,Neely Beardshall,Neely,Beardshall,Mark-50,Vikas Kishanrao Thamke,13-06-2018
LE-813-51010,Emmye Ockleshaw,Emmye,Ockleshaw,Mark-5,Vishal Shakya,19-05-2018
LE-951-44394,Emilee Landon,Emilee,Landon,Print Bed,Vishal Shakya,04-04-2018
LE-416-33587,Sherwood Janosevic,Sherwood,Janosevic,Filament,Vishal Shakya,10-07-2018
LE-631-07982,Rodie Prettyjohns,Rodie,Prettyjohns,Mark-1,Amandeep Singh,28-03-2018
LE-541-53417,Elias Spitaro,Elias,Spitaro,Mark-10,Vishal Shakya,16-06-2018
LE-894-14189,Lennie Bish,Lennie,Bish,Mark-50,Hitesh Madhukar Patil,18-05-2018
LE-886-81755,Dwain Ruller,Dwain,Ruller,Belts,Amandeep Singh,10-04-2018
LE-090-30221,Arleta Das,Arleta,Das,Filament,Amandeep Singh,10-07-2018
LE-276-39509,Thayne Barwood,Thayne,Barwood,Print Bed,Amandeep Singh,30-04-2018
LE-471-46044,Upton Fidell,Upton,Fidell,Filament,Vikas Kishanrao Thamke,14-07-2018
LE-815-86029,Maury Learmond,Maury,Learmond,Mark-50,Hitesh Madhukar Patil,04-05-2018
LE-238-82972,Serge Gurery,Serge,Gurery,Mark-5,Vikas Kishanrao Thamke,22-05-2018
LE-641-27318,Mitchael Treadgear,Mitchael,Treadgear,Mark-10,Vishal Shakya,26-06-2018
LE-954-64771,Harold Slatford,Harold,Slatford,Print Bed,Amandeep Singh,12-07-2018
LE-133-74944,Huntington Apthorpe,Huntington,Apthorpe,Print Bed,Amandeep Singh,18-05-2018
LE-742-99345,Lois Norcross,Lois,Norcross,Controller Board,Amandeep Singh,16-04-2018
LE-455-60407,Olly Niemetz,Olly,Niemetz,Mark-5,Vishal Shakya,25-03-2018
LE-975-06989,Josephina Chatto,Josephina,Chatto,Frame,Vikas Kishanrao Thamke,02-03-2018
LE-680-88877,Verene Pargiter,Verene,Pargiter,Belts,Amandeep Singh,22-03-2018
LE-650-25474,Halley Tessyman,Halley,Tessyman,Mark-50,Hitesh Madhukar Patil,12-07-2018
LE-019-11932,Kippar Coulthard,Kippar,Coulthard,Jarvis-1 T,Amandeep Singh,31-07-2018
LE-016-01178,Jessi Heningham,Jessi,Heningham,Controller Board,Vikas Kishanrao Thamke,09-07-2018
LE-032-43520,Cullie Kersting,Cullie,Kersting,Software and Drivers,Amandeep Singh,19-06-2018
LE-139-41563,Minni Ales,Minni,Ales,Mark-5,Vikas Kishanrao Thamke,18-05-2018
LE-096-82363,Mitchel Vasyutkin,Mitchel,Vasyutkin,Filament,Vikas Kishanrao Thamke,28-04-2018
LE-076-97317,Jeniece Woodall,Jeniece,Woodall,Jarvis-5 T,Amandeep Singh,28-06-2018
LE-524-98131,Yolanda Coxhead,Yolanda,Coxhead,Controller Board,Hitesh Madhukar Patil,20-06-2018
LE-471-84148,Chantal Paramor,Chantal,Paramor,Mark-10,Vishal Shakya,13-05-2018
LE-678-35487,Erhart Parlott,Erhart,Parlott,Mark-10,Vikas Kishanrao Thamke,10-07-2018
LE-583-99818,Melosa Bengough,Melosa,Bengough,Mark-50,Amandeep Singh,28-07-2018
LE-959-89982,Josey Ditchett,Josey,Ditchett,Belts,Vikas Kishanrao Thamke,21-04-2018
LE-994-21898,Felipe Dacke,Felipe,Dacke,Frame,Vishal Shakya,15-06-2018
LE-888-55477,Truman Archell,Truman,Archell,Belts,Vikas Kishanrao Thamke,23-05-2018
LE-464-21132,Nikita Demare,Nikita,Demare,Controller Board,Amandeep Singh,31-05-2018
LE-927-03345,Allegra Gable,Allegra,Gable,Mark-1,Amandeep Singh,28-04-2018
LE-797-37322,Nicholas Beamson,Nicholas,Beamson,Mark-5,Vikas Kishanrao Thamke,25-03-2018
LE-191-75344,Leoine Doulden,Leoine,Doulden,Frame,Vishal Shakya,22-03-2018
LE-236-81623,Dana Colenutt,Dana,Colenutt,Controller Board,Vishal Shakya,11-06-2018
LE-790-30528,Osmund Porcher,Osmund,Porcher,Controller Board,Amandeep Singh,27-04-2018
LE-400-27765,Andromache Marzele,Andromache,Marzele,Belts,Vikas Kishanrao Thamke,03-04-2018
LE-873-68909,Fonzie Seagrove,Fonzie,Seagrove,Mark-5,Vishal Shakya,27-06-2018
LE-655-01286,Morgen Galpin,Morgen,Galpin,Belts,Hitesh Madhukar Patil,14-03-2018
LE-706-03330,Gunar Lambersen,Gunar,Lambersen,Filament,Hitesh Madhukar Patil,04-04-2018
LE-647-84719,Giulia Barnewall,Giulia,Barnewall,Mark-1,Hitesh Madhukar Patil,24-05-2018
LE-814-96364,Christine Ibert,Christine,Ibert,Mark-10,Amandeep Singh,23-07-2018
LE-418-84888,Stella Compson,Stella,Compson,Mark-50,Vishal Shakya,05-03-2018
LE-125-60696,Otto Willoughey,Otto,Willoughey,Filament,Vishal Shakya,05-05-2018
LE-567-22487,Estrellita Dunnet,Estrellita,Dunnet,Mark-10,Vikas Kishanrao Thamke,22-03-2018
LE-041-59598,Merill Garman,Merill,Garman,Frame,Hitesh Madhukar Patil,04-03-2018
LE-392-52340,Hubey Blackly,Hubey,Blackly,Mark-50,Hitesh Madhukar Patil,10-05-2018
LE-917-12518,Ardelis Sparshatt,Ardelis,Sparshatt,Mark-1,Amandeep Singh,15-04-2018
LE-061-68487,Rennie Gumb,Rennie,Gumb,Frame,Vikas Kishanrao Thamke,08-06-2018
LE-278-36102,Nikita Guiton,Nikita,Guiton,Mark-1,Vishal Shakya,10-05-2018
LE-208-34452,Dorie Saunder,Dorie,Saunder,Frame,Hitesh Madhukar Patil,01-05-2018
LE-264-56784,Julius Curteis,Julius,Curteis,Frame,Amandeep Singh,13-03-2018
LE-829-41105,Cherilynn Dunstan,Cherilynn,Dunstan,Mark-10,Amandeep Singh,23-07-2018
LE-325-18871,Aryn Dominy,Aryn,Dominy,Mark-5,Hitesh Madhukar Patil,13-03-2018
LE-551-22245,Marcello Moncarr,Marcello,Moncarr,Mark-1,Vikas Kishanrao Thamke,20-03-2018
LE-534-20451,Norine Verriour,Norine,Verriour,Mark-1,Vishal Shakya,25-05-2018
LE-812-62687,Alfreda Celloni,Alfreda,Celloni,Belts,Vikas Kishanrao Thamke,06-04-2018
LE-981-31637,Brantley Turn,Brantley,Turn,Mark-50,Amandeep Singh,07-06-2018
LE-617-27106,Gordy Barkas,Gordy,Barkas,Frame,Vishal Shakya,10-05-2018
LE-065-86770,Nata Elleray,Nata,Elleray,Mark-5,Amandeep Singh,31-03-2018
LE-783-22433,Amber Gravell,Amber,Gravell,Jarvis-5 T,Amandeep Singh,12-03-2018
LE-338-16797,Mattheus Jakes,Mattheus,Jakes,Jarvis-1 T,Vikas Kishanrao Thamke,09-05-2018
LE-755-34309,Otes Nestle,Otes,Nestle,Controller Board,Amandeep Singh,25-05-2018
LE-271-86744,Alphonso Larcombe,Alphonso,Larcombe,Jarvis-1 T,Vikas Kishanrao Thamke,27-05-2018
LE-329-64408,Skipp Pordal,Skipp,Pordal,Frame,Vishal Shakya,23-04-2018
LE-218-82092,Enrico Gravestone,Enrico,Gravestone,Filament,Vishal Shakya,22-03-2018
LE-631-85209,Hurleigh Pendry,Hurleigh,Pendry,Jarvis-5 T,Vikas Kishanrao Thamke,16-07-2018
LE-019-70425,Leopold Sloss,Leopold,Sloss,Controller Board,Vishal Shakya,05-03-2018
LE-394-63031,Werner Baldinotti,Werner,Baldinotti,Mark-1,Hitesh Madhukar Patil,11-03-2018
LE-678-11618,Benita Knifton,Benita,Knifton,Mark-1,Hitesh Madhukar Patil,26-06-2018
LE-978-94923,Giraldo Storek,Giraldo,Storek,Belts,Amandeep Singh,11-06-2018
LE-748-13131,Diarmid Liveley,Diarmid,Liveley,Mark-5,Hitesh Madhukar Patil,08-05-2018
LE-773-57069,Danni Mulvey,Danni,Mulvey,Software and Drivers,Hitesh Madhukar Patil,08-04-2018
LE-929-79256,Derron Biasotti,Derron,Biasotti,Filament,Vikas Kishanrao Thamke,25-03-2018
LE-746-48480,Florida McConnachie,Florida,McConnachie,Mark-1,Hitesh Madhukar Patil,11-05-2018
LE-816-20349,Brig John,Brig,John,Mark-5,Vishal Shakya,24-06-2018
LE-124-98285,Kellie Owtram,Kellie,Owtram,Jarvis-1 T,Vishal Shakya,28-07-2018
LE-704-03199,Augusta BURWIN,Augusta,BURWIN,Frame,Vikas Kishanrao Thamke,15-07-2018
LE-959-43596,Shaine Norquoy,Shaine,Norquoy,Print Bed,Amandeep Singh,04-04-2018
LE-027-05363,Leslie De L'Isle,Leslie,De L'Isle,Mark-1,Amandeep Singh,05-03-2018
LE-636-84287,Ferd Fryman,Ferd,Fryman,Mark-1,Vikas Kishanrao Thamke,23-03-2018
LE-049-61108,Alejandrina Trengove,Alejandrina,Trengove,Mark-10,Hitesh Madhukar Patil,14-06-2018
LE-147-86720,Agace Oldam,Agace,Oldam,Mark-50,Hitesh Madhukar Patil,29-05-2018
LE-997-17253,Corrinne Brauninger,Corrinne,Brauninger,Controller Board,Hitesh Madhukar Patil,03-07-2018
LE-736-28533,Aguie Mullarkey,Aguie,Mullarkey,Print Bed,Vikas Kishanrao Thamke,25-04-2018
LE-725-22495,Garreth MacGibbon,Garreth,MacGibbon,Print Bed,Vishal Shakya,09-07-2018
LE-890-38970,Meryl Evesque,Meryl,Evesque,Mark-5,Vishal Shakya,07-04-2018
LE-329-83643,Cati Bagott,Cati,Bagott,Controller Board,Hitesh Madhukar Patil,12-06-2018
LE-145-63719,Joey Balderston,Joey,Balderston,Controller Board,Hitesh Madhukar Patil,31-07-2018
LE-177-09275,Ilyse Bollands,Ilyse,Bollands,Jarvis-1 T,Vikas Kishanrao Thamke,14-06-2018
LE-805-74132,Germain Draycott,Germain,Draycott,Mark-5,Amandeep Singh,04-07-2018
LE-970-63626,Florance Ingarfield,Florance,Ingarfield,Jarvis-5 T,Vishal Shakya,27-06-2018
LE-038-72417,Jessey Dubber,Jessey,Dubber,Controller Board,Vikas Kishanrao Thamke,30-03-2018
LE-903-92765,Trix Windridge,Trix,Windridge,Controller Board,Hitesh Madhukar Patil,22-07-2018
LE-108-07791,Dar Thorogood,Dar,Thorogood,Software and Drivers,Amandeep Singh,25-04-2018
LE-416-57830,Erl Dawdary,Erl,Dawdary,Belts,Vishal Shakya,01-04-2018
LE-747-82142,Gianni Cicchinelli,Gianni,Cicchinelli,Print Bed,Hitesh Madhukar Patil,09-07-2018
LE-651-45411,Oralia Dawe,Oralia,Dawe,Controller Board,Vishal Shakya,29-06-2018
LE-042-14123,Jemmy Halpine,Jemmy,Halpine,Jarvis-1 T,Hitesh Madhukar Patil,21-04-2018
LE-010-15346,Sherri Pendlebery,Sherri,Pendlebery,Mark-5,Vishal Shakya,10-06-2018
LE-290-82053,Jerad Roft,Jerad,Roft,Mark-1,Amandeep Singh,15-05-2018
LE-702-66322,Shannan Beton,Shannan,Beton,Filament,Hitesh Madhukar Patil,27-03-2018
LE-121-63080,Leese Chillcot,Leese,Chillcot,Mark-50,Hitesh Madhukar Patil,21-05-2018
LE-801-95622,Evania Creyke,Evania,Creyke,Software and Drivers,Hitesh Madhukar Patil,22-03-2018
LE-271-97600,Merrily Roelofs,Merrily,Roelofs,Print Bed,Vikas Kishanrao Thamke,24-06-2018
LE-391-34740,Jedd Linford,Jedd,Linford,Mark-1,Vishal Shakya,12-04-2018
LE-028-70972,Olag Ehlerding,Olag,Ehlerding,Frame,Hitesh Madhukar Patil,20-03-2018
LE-436-92259,Essa Allenson,Essa,Allenson,Mark-50,Vishal Shakya,25-06-2018
LE-069-43605,Deck Critchell,Deck,Critchell,Mark-50,Vikas Kishanrao Thamke,17-07-2018
LE-066-82049,Alidia Jorczyk,Alidia,Jorczyk,Print Bed,Vishal Shakya,08-07-2018
LE-033-76257,Catherin Mesias,Catherin,Mesias,Jarvis-5 T,Hitesh Madhukar Patil,25-06-2018
LE-135-41269,Major Whittick,Major,Whittick,Mark-50,Hitesh Madhukar Patil,09-03-2018
LE-746-48726,Lefty Tupling,Lefty,Tupling,Jarvis-1 T,Amandeep Singh,25-03-2018
LE-722-22725,Kimberlyn Wigan,Kimberlyn,Wigan,Belts,Vishal Shakya,09-04-2018
LE-753-05929,Layla Semeradova,Layla,Semeradova,Controller Board,Amandeep Singh,03-04-2018
LE-772-90226,Blair Mahedy,Blair,Mahedy,Controller Board,Amandeep Singh,03-04-2018
LE-799-29131,Brunhilda Arkell,Brunhilda,Arkell,Mark-50,Vishal Shakya,14-06-2018
LE-588-63177,Maryjane Dorwood,Maryjane,Dorwood,Filament,Vikas Kishanrao Thamke,10-03-2018
LE-010-62733,Reeva Denny,Reeva,Denny,Software and Drivers,Vikas Kishanrao Thamke,25-04-2018
LE-389-96671,Trudi Bielefeld,Trudi,Bielefeld,Mark-5,Vishal Shakya,04-07-2018
LE-462-99661,Bea Towler,Bea,Towler,Print Bed,Amandeep Singh,01-04-2018
LE-512-00567,Peyter Masurel,Peyter,Masurel,Mark-5,Vikas Kishanrao Thamke,16-03-2018
LE-305-48852,Vickie Segoe,Vickie,Segoe,Filament,Vishal Shakya,30-07-2018
LE-963-71219,Coraline Gasgarth,Coraline,Gasgarth,Controller Board,Vishal Shakya,28-04-2018
LE-761-40632,Gardner Scogin,Gardner,Scogin,Controller Board,Vishal Shakya,26-05-2018
LE-459-84775,Amaleta Domino,Amaleta,Domino,Mark-10,Amandeep Singh,27-07-2018
LE-762-07666,Catherina Whiting,Catherina,Whiting,Controller Board,Vikas Kishanrao Thamke,08-05-2018
LE-959-37418,Allis Pool,Allis,Pool,Mark-10,Vikas Kishanrao Thamke,06-04-2018
LE-574-84590,Neil Pinnion,Neil,Pinnion,Software and Drivers,Vishal Shakya,28-03-2018
LE-785-74779,Jeff Perfili,Jeff,Perfili,Frame,Hitesh Madhukar Patil,19-05-2018
LE-055-26408,Kalli Morten,Kalli,Morten,Jarvis-5 T,Amandeep Singh,20-04-2018
LE-340-53380,Fabio Jedrzaszkiewicz,Fabio,Jedrzaszkiewicz,,Vikas Kishanrao Thamke,30-05-2018
LE-501-47687,Raynor Goman,Raynor,Goman,,Hitesh Madhukar Patil,06-05-2018
LE-030-15254,Lyndel Suttill,Lyndel,Suttill,,Vishal Shakya,29-07-2018
LE-061-18261,Ignace Southall,Ignace,Southall,,Vishal Shakya,13-04-2018
LE-191-18382,Rayna Georgelin,Rayna,Georgelin,,Amandeep Singh,06-03-2018
LE-246-02946,Colette Sacks,Colette,Sacks,,Vishal Shakya,25-07-2018
LE-112-61892,Loralyn Yedall,Loralyn,Yedall,,Vishal Shakya,19-05-2018
LE-411-53799,Garrek Bainbridge,Garrek,Bainbridge,,Amandeep Singh,23-03-2018
LE-047-41460,Sawyere Alves,Sawyere,Alves,,Hitesh Madhukar Patil,19-03-2018
LE-056-26552,Ephrayim Hackwell,Ephrayim,Hackwell,,Vikas Kishanrao Thamke,29-06-2018
LE-769-73785,Chrissy Eisold,Chrissy,Eisold,,Hitesh Madhukar Patil,16-07-2018
LE-430-51557,Candra Raveau,Candra,Raveau,,Vishal Shakya,09-03-2018
LE-394-55303,Christan Skinley,Christan,Skinley,,Hitesh Madhukar Patil,09-05-2018
LE-815-67313,Muire Fidian,Muire,Fidian,,Hitesh Madhukar Patil,29-05-2018
LE-573-19607,Imojean Eilhersen,Imojean,Eilhersen,,Hitesh Madhukar Patil,20-04-2018
LE-392-91877,Ivory Wickie,Ivory,Wickie,,Vishal Shakya,16-06-2018
LE-596-81123,Joseito Alderwick,Joseito,Alderwick,,Vishal Shakya,31-03-2018
LE-908-28656,Benny Dudding,Benny,Dudding,,Vikas Kishanrao Thamke,24-05-2018
LE-773-68076,Ashil Bison,Ashil,Bison,,Vikas Kishanrao Thamke,30-04-2018
LE-471-29532,Alexa Smewing,Alexa,Smewing,,Hitesh Madhukar Patil,19-07-2018
LE-726-99568,Harvey Lepard,Harvey,Lepard,,Vishal Shakya,17-07-2018
LE-179-17833,Johnette Coots,Johnette,Coots,,Hitesh Madhukar Patil,10-03-2018
LE-115-25597,Gaelan Bulluck,Gaelan,Bulluck,,Vishal Shakya,20-05-2018
LE-905-08547,Carlotta Liversedge,Carlotta,Liversedge,,Amandeep Singh,30-05-2018
LE-174-30895,Laird Yaldren,Laird,Yaldren,,Vishal Shakya,31-07-2018
LE-921-44657,Diarmid Steade,Diarmid,Steade,,Hitesh Madhukar Patil,18-05-2018
LE-958-21073,Sholom Bertelet,Sholom,Bertelet,,Vishal Shakya,11-07-2018
LE-253-02031,Mel Fasset,Mel,Fasset,,Hitesh Madhukar Patil,13-03-2018
LE-978-54745,Beryle Dohms,Beryle,Dohms,,Vikas Kishanrao Thamke,31-03-2018
LE-435-48346,Miller Courteney,Miller,Courteney,,Vikas Kishanrao Thamke,30-06-2018
LE-108-25604,Tudor Syder,Tudor,Syder,,Hitesh Madhukar Patil,23-05-2018
LE-646-19274,Lara Dumigan,Lara,Dumigan,,Vikas Kishanrao Thamke,04-07-2018
LE-006-45707,Ross Livett,Ross,Livett,,Vishal Shakya,24-06-2018
LE-352-34405,Fiorenze Roylance,Fiorenze,Roylance,,Vikas Kishanrao Thamke,25-07-2018
LE-035-65831,Katleen Ianniello,Katleen,Ianniello,,Vikas Kishanrao Thamke,10-04-2018
LE-986-23981,Andre Sharkey,Andre,Sharkey,,Vikas Kishanrao Thamke,12-06-2018
LE-417-56087,Hana Narey,Hana,Narey,,Hitesh Madhukar Patil,22-07-2018
LE-057-45975,Pryce Gosnoll,Pryce,Gosnoll,,Vishal Shakya,05-04-2018
LE-995-82993,Tallia McCafferky,Tallia,McCafferky,,Vishal Shakya,28-05-2018
LE-039-40885,Odetta Engel,Odetta,Engel,,Hitesh Madhukar Patil,02-07-2018
LE-395-50539,Georgeta Janowski,Georgeta,Janowski,,Vikas Kishanrao Thamke,15-05-2018
LE-423-59464,Norry O'Cannan,Norry,O'Cannan,,Hitesh Madhukar Patil,10-07-2018
LE-968-79044,Cob Micheau,Cob,Micheau,,Amandeep Singh,01-04-2018
LE-615-65207,Haskel Quantick,Haskel,Quantick,,Amandeep Singh,15-03-2018
LE-312-22314,Linn Chitham,Linn,Chitham,,Amandeep Singh,03-06-2018
LE-732-17930,Salmon Ilyasov,Salmon,Ilyasov,,Amandeep Singh,06-05-2018
LE-587-51256,Maximo Farlham,Maximo,Farlham,,Vishal Shakya,30-05-2018
LE-947-01713,Sayers Spuffard,Sayers,Spuffard,,Hitesh Madhukar Patil,10-05-2018
LE-897-82697,Jolie Coggin,Jolie,Coggin,,Amandeep Singh,06-07-2018
LE-360-52154,Glory Smidmor,Glory,Smidmor,,Vishal Shakya,15-04-2018
LE-667-35734,Brier Malicki,Brier,Malicki,,Amandeep Singh,23-07-2018
LE-636-68295,Pooh Chaddock,Pooh,Chaddock,,Amandeep Singh,27-06-2018
LE-571-86497,Sydney Pues,Sydney,Pues,,Amandeep Singh,28-07-2018
LE-855-22371,Adolphus Kiefer,Adolphus,Kiefer,,Vikas Kishanrao Thamke,13-03-2018
LE-250-31911,Sabine Spurrior,Sabine,Spurrior,,Vishal Shakya,04-03-2018
LE-353-49060,Ludovico Shingles,Ludovico,Shingles,,Vishal Shakya,09-04-2018
LE-078-35112,Estell Enright,Estell,Enright,,Vishal Shakya,21-07-2018
LE-771-16892,Brandi Bedingfield,Brandi,Bedingfield,,Vikas Kishanrao Thamke,16-05-2018
LE-010-11887,Darcee De Meis,Darcee,De Meis,,Hitesh Madhukar Patil,30-03-2018
LE-431-36713,Toby Pridmore,Toby,Pridmore,,Vishal Shakya,17-03-2018
LE-560-70448,Meryl Biss,Meryl,Biss,,Amandeep Singh,06-07-2018
LE-492-79596,Erena Samet,Erena,Samet,,Vikas Kishanrao Thamke,25-07-2018
LE-576-10328,Jonathon Benny,Jonathon,Benny,,Amandeep Singh,16-07-2018
LE-775-41361,Yanaton Trevon,Yanaton,Trevon,,Amandeep Singh,27-04-2018
LE-356-44768,Debbie Brok,Debbie,Brok,,Hitesh Madhukar Patil,28-03-2018
LE-943-61866,Way Aliberti,Way,Aliberti,,Hitesh Madhukar Patil,31-03-2018
LE-912-77082,Shirline Marriage,Shirline,Marriage,,Amandeep Singh,03-05-2018
LE-037-22421,Kirbee Bradd,Kirbee,Bradd,,Hitesh Madhukar Patil,24-03-2018
LE-349-35879,Devin Langrick,Devin,Langrick,,Vikas Kishanrao Thamke,06-05-2018
LE-348-01051,Charmian McKechnie,Charmian,McKechnie,,Vishal Shakya,09-04-2018
LE-675-20947,Berenice Yeldham,Berenice,Yeldham,,Hitesh Madhukar Patil,19-06-2018
LE-162-87172,Aggie Krale,Aggie,Krale,,Vikas Kishanrao Thamke,16-04-2018
LE-823-58723,Clerkclaude Ubank,Clerkclaude,Ubank,,Vikas Kishanrao Thamke,30-05-2018
LE-574-98673,Archibold Wixon,Archibold,Wixon,,Amandeep Singh,12-04-2018
LE-244-74593,Guilbert Chern,Guilbert,Chern,,Amandeep Singh,07-04-2018
LE-686-45493,Iosep Miguet,Iosep,Miguet,,Hitesh Madhukar Patil,24-04-2018
LE-663-95424,Corby Tissington,Corby,Tissington,,Vikas Kishanrao Thamke,04-03-2018
LE-451-62192,Andrea Curling,Andrea,Curling,,Amandeep Singh,29-03-2018
LE-855-32028,Adaline Breitling,Adaline,Breitling,,Hitesh Madhukar Patil,26-04-2018
LE-342-60935,Kelsy Inker,Kelsy,Inker,,Vikas Kishanrao Thamke,17-04-2018
LE-608-63729,Noelyn Dyne,Noelyn,Dyne,,Vikas Kishanrao Thamke,14-05-2018
LE-967-87701,Basilio Judron,Basilio,Judron,,Vishal Shakya,15-05-2018
LE-199-72180,Kassi Bogays,Kassi,Bogays,,Hitesh Madhukar Patil,28-05-2018
LE-735-49539,Isador Hachette,Isador,Hachette,,Hitesh Madhukar Patil,06-07-2018
LE-972-07682,Geoffry Jahnke,Geoffry,Jahnke,,Hitesh Madhukar Patil,09-06-2018
LE-501-04240,Tymon Greenroyd,Tymon,Greenroyd,,Vikas Kishanrao Thamke,21-06-2018
LE-214-31656,Sapphire Guilliland,Sapphire,Guilliland,,Vishal Shakya,11-03-2018
LE-509-99401,Antonie Forsyth,Antonie,Forsyth,,Amandeep Singh,28-05-2018
LE-962-77606,Pedro Jachimiak,Pedro,Jachimiak,,Vikas Kishanrao Thamke,24-04-2018
LE-444-01715,Grant Knowling,Grant,Knowling,,Vishal Shakya,02-05-2018
LE-491-16230,Thorpe Bedells,Thorpe,Bedells,,Vishal Shakya,31-05-2018
LE-619-57985,Joelle Teager,Joelle,Teager,,Amandeep Singh,14-06-2018
LE-082-00274,Natka McIlwrath,Natka,McIlwrath,,Amandeep Singh,18-03-2018
LE-744-85499,Romeo Brobeck,Romeo,Brobeck,,Vikas Kishanrao Thamke,08-06-2018
LE-718-47764,Roseann Boyland,Roseann,Boyland,,Hitesh Madhukar Patil,16-05-2018
LE-196-75544,Odo Fihelly,Odo,Fihelly,,Amandeep Singh,31-07-2018
LE-895-74116,Tobiah Auger,Tobiah,Auger,,Vishal Shakya,18-07-2018
LE-912-96043,Ethel Haszard,Ethel,Haszard,,Vikas Kishanrao Thamke,27-05-2018
LE-364-96963,Jacky Ivermee,Jacky,Ivermee,,Hitesh Madhukar Patil,30-07-2018
LE-297-08951,Friederike Hentzer,Friederike,Hentzer,,Hitesh Madhukar Patil,22-05-2018
LE-271-24738,Yorgos Iwanowicz,Yorgos,Iwanowicz,,Hitesh Madhukar Patil,03-04-2018
LE-627-06678,Sigrid Waldren,Sigrid,Waldren,,Vishal Shakya,15-03-2018
LE-024-40837,Joycelin Merrell,Joycelin,Merrell,,Vikas Kishanrao Thamke,06-03-2018
LE-949-28544,Consuelo Sheasby,Consuelo,Sheasby,,Amandeep Singh,06-03-2018
LE-307-83212,Skipton MacDavitt,Skipton,MacDavitt,,Vikas Kishanrao Thamke,10-05-2018
LE-070-17598,Warden Dran,Warden,Dran,,Vishal Shakya,16-06-2018
LE-580-76838,Malachi Ashtonhurst,Malachi,Ashtonhurst,,Hitesh Madhukar Patil,26-04-2018
LE-290-38902,Montgomery Crambie,Montgomery,Crambie,,Hitesh Madhukar Patil,27-05-2018
LE-013-94875,Andrew Umbert,Andrew,Umbert,,Vikas Kishanrao Thamke,29-04-2018
LE-929-44894,Chrisse Bridgestock,Chrisse,Bridgestock,,Amandeep Singh,11-05-2018
LE-227-84622,Northrup Escalante,Northrup,Escalante,,Amandeep Singh,13-03-2018
LE-506-39692,Michele Meegin,Michele,Meegin,,Amandeep Singh,07-06-2018
LE-476-24138,Glynis Siman,Glynis,Siman,,Vikas Kishanrao Thamke,24-05-2018
LE-211-53113,Deonne Seeks,Deonne,Seeks,,Hitesh Madhukar Patil,26-03-2018
LE-849-74299,Shae Duny,Shae,Duny,,Vikas Kishanrao Thamke,24-04-2018
LE-484-40115,Layton Calcut,Layton,Calcut,,Hitesh Madhukar Patil,20-05-2018
LE-460-87960,Melony Danbi,Melony,Danbi,,Amandeep Singh,12-05-2018
LE-886-04514,Drucy Shortan,Drucy,Shortan,,Vikas Kishanrao Thamke,23-03-2018
LE-700-31980,Pascal Reina,Pascal,Reina,,Amandeep Singh,16-04-2018
LE-196-50573,Edie BoHlingolsen,Edie,BoHlingolsen,,Vishal Shakya,22-07-2018
LE-621-08260,Abbie Weblin,Abbie,Weblin,,Vikas Kishanrao Thamke,09-05-2018
LE-890-95649,Nealson Yearn,Nealson,Yearn,,Vishal Shakya,04-03-2018
LE-201-23737,Bartholomeus O'Loughnan,Bartholomeus,O'Loughnan,,Amandeep Singh,13-06-2018
LE-507-29470,Lola Troyes,Lola,Troyes,,Amandeep Singh,21-07-2018
LE-516-74406,Angelique Capinetti,Angelique,Capinetti,,Vikas Kishanrao Thamke,23-07-2018
LE-774-27278,Merrily Yellep,Merrily,Yellep,,Hitesh Madhukar Patil,20-06-2018
LE-632-29173,Fanni McCurry,Fanni,McCurry,,Vishal Shakya,08-05-2018
LE-842-01051,Wells Clowes,Wells,Clowes,,Vikas Kishanrao Thamke,06-06-2018
LE-537-85042,Magdaia Steagall,Magdaia,Steagall,,Hitesh Madhukar Patil,11-05-2018
LE-747-64571,Viviana Blakeney,Viviana,Blakeney,,Amandeep Singh,17-06-2018
LE-734-19658,Gaspar Broske,Gaspar,Broske,,Amandeep Singh,15-03-2018
LE-647-45690,Obie Gilling,Obie,Gilling,,Vishal Shakya,31-07-2018
LE-474-36814,Micah Bakhrushkin,Micah,Bakhrushkin,,Hitesh Madhukar Patil,09-04-2018
LE-976-23577,Carlen Tabram,Carlen,Tabram,,Amandeep Singh,08-04-2018
LE-916-96195,Pavlov Dobbyn,Pavlov,Dobbyn,,Amandeep Singh,06-03-2018
LE-017-01861,Ron Stobbart,Ron,Stobbart,,Vikas Kishanrao Thamke,11-06-2018
LE-402-01651,Cherie Unthank,Cherie,Unthank,,Vikas Kishanrao Thamke,07-07-2018
LE-328-06425,Marius Cawte,Marius,Cawte,,Hitesh Madhukar Patil,04-06-2018
LE-179-20351,Lia Mannion,Lia,Mannion,,Hitesh Madhukar Patil,25-06-2018
LE-126-67506,Terrill Corkett,Terrill,Corkett,,Amandeep Singh,28-03-2018
LE-752-27945,Marylin Pietrzak,Marylin,Pietrzak,,Vishal Shakya,26-04-2018
LE-039-18870,Hayward Dignall,Hayward,Dignall,,Vikas Kishanrao Thamke,04-06-2018
LE-842-07966,Dynah Mandre,Dynah,Mandre,,Amandeep Singh,22-03-2018
LE-937-48323,Linus Cosans,Linus,Cosans,,Hitesh Madhukar Patil,17-05-2018
LE-323-66233,Willard Yaneev,Willard,Yaneev,,Vishal Shakya,28-06-2018
LE-193-79730,Karry Corryer,Karry,Corryer,,Vishal Shakya,14-05-2018
LE-163-48781,Bridget Skerm,Bridget,Skerm,,Hitesh Madhukar Patil,13-03-2018
LE-111-68357,Silvie Goodbanne,Silvie,Goodbanne,,Vishal Shakya,26-06-2018
LE-225-48144,Dulci Thurner,Dulci,Thurner,,Hitesh Madhukar Patil,30-04-2018
LE-276-60799,Dorolisa Postgate,Dorolisa,Postgate,,Amandeep Singh,01-07-2018
LE-670-25751,Bess Atheis,Bess,Atheis,,Vishal Shakya,06-03-2018
LE-477-52956,Cello MacBain,Cello,MacBain,,Vishal Shakya,06-05-2018
LE-465-19002,Rhoda Truggian,Rhoda,Truggian,,Vikas Kishanrao Thamke,16-04-2018
LE-238-42971,Donavon Sansome,Donavon,Sansome,,Vikas Kishanrao Thamke,03-07-2018
LE-451-58712,Hortensia Berks,Hortensia,Berks,,Hitesh Madhukar Patil,12-05-2018
LE-925-59602,Hazel Allsop,Hazel,Allsop,,Hitesh Madhukar Patil,12-06-2018
LE-582-96196,Mendy Booler,Mendy,Booler,,Hitesh Madhukar Patil,09-05-2018
LE-673-18344,Brooke Sinclaire,Brooke,Sinclaire,,Amandeep Singh,05-04-2018
LE-796-42188,Caresa Canadine,Caresa,Canadine,,Amandeep Singh,15-07-2018
LE-353-41201,Jodi Conrard,Jodi,Conrard,,Amandeep Singh,11-07-2018
LE-078-32118,Duky Dermott,Duky,Dermott,,Vikas Kishanrao Thamke,05-07-2018
LE-495-13999,Allie Bootell,Allie,Bootell,,Vikas Kishanrao Thamke,06-04-2018
LE-624-46879,Thane Leithgoe,Thane,Leithgoe,,Vishal Shakya,31-07-2018
LE-793-26304,Jennie Hebard,Jennie,Hebard,,Amandeep Singh,10-03-2018
LE-298-58028,Anthe Cleveland,Anthe,Cleveland,,Vishal Shakya,14-05-2018
LE-046-95603,Babbette Cresser,Babbette,Cresser,,Hitesh Madhukar Patil,16-05-2018
LE-952-37026,Radcliffe Patchett,Radcliffe,Patchett,,Amandeep Singh,08-04-2018
LE-533-70691,Morey Loffhead,Morey,Loffhead,,Amandeep Singh,22-05-2018
LE-814-47377,Rani Kennham,Rani,Kennham,,Hitesh Madhukar Patil,15-04-2018
LE-113-94325,Brittany Burdass,Brittany,Burdass,,Hitesh Madhukar Patil,19-06-2018
LE-727-89849,Francyne Johnson,Francyne,Johnson,,Hitesh Madhukar Patil,15-03-2018
LE-755-74772,Deb Kirlin,Deb,Kirlin,,Amandeep Singh,23-04-2018
LE-330-22880,Susette Allewell,Susette,Allewell,,Hitesh Madhukar Patil,24-06-2018
LE-613-64934,Betsey Peasgood,Betsey,Peasgood,,Amandeep Singh,18-06-2018
LE-318-86564,Martie Stallebrass,Martie,Stallebrass,,Vishal Shakya,13-06-2018
LE-916-47976,Colette Fraczkiewicz,Colette,Fraczkiewicz,,Amandeep Singh,05-07-2018
LE-999-82974,Natassia Danzig,Natassia,Danzig,,Vikas Kishanrao Thamke,13-03-2018
LE-804-19371,Shaylyn Manners,Shaylyn,Manners,,Vishal Shakya,09-05-2018
LE-564-33933,Melony McComiskey,Melony,McComiskey,,Vikas Kishanrao Thamke,19-07-2018
LE-650-24538,Kevina Dudmesh,Kevina,Dudmesh,,Amandeep Singh,14-06-2018
LE-429-16853,Hinda Andriveau,Hinda,Andriveau,,Hitesh Madhukar Patil,05-05-2018
LE-930-48323,Orsola Painswick,Orsola,Painswick,,Hitesh Madhukar Patil,08-05-2018
LE-441-76682,Stevana Gilfoyle,Stevana,Gilfoyle,,Amandeep Singh,24-06-2018
LE-694-81774,Tracie Huxton,Tracie,Huxton,,Vikas Kishanrao Thamke,28-05-2018
LE-313-46929,Berkley Parsley,Berkley,Parsley,,Vikas Kishanrao Thamke,23-07-2018
LE-061-30892,Domeniga Scottrell,Domeniga,Scottrell,,Hitesh Madhukar Patil,04-03-2018
LE-627-34896,Jamie Finnemore,Jamie,Finnemore,,Vikas Kishanrao Thamke,20-03-2018
LE-545-24811,Babara Dahlen,Babara,Dahlen,,Vikas Kishanrao Thamke,19-06-2018
LE-464-73395,Aleda Gammons,Aleda,Gammons,,Vishal Shakya,09-04-2018
LE-575-12630,Cole Durdle,Cole,Durdle,,Amandeep Singh,04-05-2018
LE-050-13054,Trish Fayerbrother,Trish,Fayerbrother,,Amandeep Singh,05-07-2018
LE-370-82256,Georgeanna Wiburn,Georgeanna,Wiburn,,Hitesh Madhukar Patil,14-05-2018
LE-575-16331,Ario Copin,Ario,Copin,,Amandeep Singh,21-05-2018
LE-898-65883,Claire Cervantes,Claire,Cervantes,,Amandeep Singh,18-05-2018
LE-926-60238,Maridel Triplet,Maridel,Triplet,,Vikas Kishanrao Thamke,04-05-2018
LE-667-12844,Cory Duester,Cory,Duester,,Hitesh Madhukar Patil,06-06-2018
LE-564-61202,Marcela Beadles,Marcela,Beadles,,Hitesh Madhukar Patil,19-05-2018
LE-403-28993,Andeee Rabbitts,Andeee,Rabbitts,,Vikas Kishanrao Thamke,07-03-2018
LE-896-55991,Chelsey Oswell,Chelsey,Oswell,,Amandeep Singh,29-05-2018
LE-450-20317,Romona Finlry,Romona,Finlry,,Vishal Shakya,17-07-2018
