Lead_ID,Opp_ID,Account_ID,Orgnisation,Phone,City,Full Name,Email ID,Status
LE-531-09903,OP-159-66099,ACC-623-34399,McCullough Inc,(+353)426515759,Limerick,Leonora Cometti,emorey0@list-manage.com,Active
LE-507-46106,OP-896-14896,ACC-157-20815,Weber Group,(+353)500414640,Cork,Matelda Cottham,rperott1@imgur.com,Active
LE-479-49953,OP-113-64205,ACC-966-12639,O'Keefe LLC,(+353)947842301,Maynooth,Nelle Brookshaw,cdumini2@rambler.ru,Active
LE-554-97497,OP-926-13621,ACC-959-54963,"McDermott, Bahringer and Gislason",(+353)782758015,Cork,Halsy Aireton,bcastellaccio3@ucsd.edu,Active
LE-054-33465,OP-818-28293,ACC-073-26469,Wehner Inc,(+353)835407324,Galway,Osbourn Postlethwaite,kbehagg4@xing.com,Active
LE-538-14152,OP-060-64111,ACC-168-12292,Feil Group,(+353)426166615,Galway,Hi Rohmer,lbevens5@ucsd.edu,Active
LE-452-27589,OP-773-01070,ACC-827-79187,Ernser and Sons,(+353)469419456,Belfast,Josh Guerrazzi,nlukasik6@vimeo.com,Active
LE-201-26087,OP-622-86144,ACC-073-02967,"Bogisich, Langosh and Walter",(+353)735066397,Dublin,Vittoria Folan,waddy7@weebly.com,Active
LE-340-71737,OP-579-05831,ACC-693-75775,Marvin-Keebler,(+353)359301433,Galway,Raoul ducarme,lbendle8@blogs.com,Active
LE-184-60823,OP-299-82882,ACC-495-10059,Homenick Group,(+353)814984220,Dublin,Caldwell Kenzie,urumgay9@istockphoto.com,Active
LE-365-34728,OP-664-69559,ACC-176-43150,Boyer-Frami,(+353)150613301,Dublin,Devan Mayte,jgalpina@lycos.com,Active
LE-920-65471,OP-876-66017,ACC-251-57964,Fay-Lueilwitz,(+353)676283624,Cork,Farrah Dmych,tjandlb@surveymonkey.com,Active
LE-169-04046,OP-180-26785,ACC-890-15504,"O'Kon, Hackett and Legros",(+353)662338982,Galway,Wes Dillet,clicencec@nasa.gov,Active
LE-952-74716,OP-332-34944,ACC-270-29687,Emmerich-Smitham,(+353)491608011,Galway,Florina Pinches,drohlfsd@forbes.com,Active
LE-856-96192,OP-264-26106,ACC-347-69553,Mertz-Huels,(+353)941625431,Belfast,Husain Clackers,mbushere@com.com,Active
LE-665-99388,OP-880-10327,ACC-015-78930,Lockman Inc,(+353)755084843,Galway,Carolyne Mallett,crubinlichtf@discuz.net,Active
LE-316-29541,OP-388-19315,ACC-422-94139,"Stoltenberg, Pacocha and Brekke",(+353)828939853,Belfast,Mair Cosgrave,adeavesg@fastcompany.com,Active
LE-995-06192,OP-036-57576,ACC-658-22423,"Hane, Feeney and Herzog",(+353)889856094,Belfast,Lynett Cundict,mmarlowh@nydailynews.com,Active
LE-310-72978,OP-042-22923,ACC-601-33484,Larson LLC,(+353)702562801,Belfast,Erminie Smees,rcarmonti@google.fr,Active
LE-689-85994,OP-565-39056,ACC-513-07487,Fisher LLC,(+353)855567805,Belfast,Lizzie Matula,ksnelgrovej@jalbum.net,Active
LE-660-83151,OP-833-14707,ACC-885-67967,"Grady, Kuphal and Kessler",(+353)200935724,Maynooth,Clementia Lygo,cbucherk@google.ca,Active
LE-109-03173,OP-038-82979,ACC-400-67818,Fisher-Bartoletti,(+353)574265371,Cork,Aloisia Binch,dtumilityl@amazon.de,Active
LE-935-62365,OP-679-92438,ACC-702-84538,Ortiz LLC,(+353)953607617,Maynooth,Sherlock Shory,wbelshamm@squidoo.com,Active
LE-791-15984,OP-894-64893,ACC-328-35484,Moen-Kuvalis,(+353)747020932,Galway,Bradan Holleworth,emackereln@ucoz.ru,Active
LE-153-50281,OP-059-96989,ACC-784-72953,"Mills, Bernier and Nienow",(+353)547835528,Galway,Lotte Fowlds,fdegregorioo@sohu.com,Active
LE-942-45831,OP-287-85956,ACC-925-36411,"Mayert, Heidenreich and Von",(+353)857311083,Maynooth,Loretta Figgess,agoodhallp@sun.com,Active
LE-939-39135,OP-506-99391,ACC-591-11403,Kautzer-Ferry,(+353)683757564,Dublin,Ramsay Pepineaux,rvalderq@clickbank.net,Active
LE-067-99135,OP-796-39622,ACC-092-71336,Hyatt LLC,(+353)164138716,Cork,Rudolf Wibberley,adominichellir@buzzfeed.com,Active
LE-167-36851,OP-542-94441,ACC-205-55840,"Rogahn, Gottlieb and Bernier",(+353)056463647,Galway,Kareem Rushman,jlivingstons@wikispaces.com,Active
LE-774-20582,OP-906-24575,ACC-079-51136,Kuhlman LLC,(+353)202806989,Limerick,Cally Kullmann,ageekiet@buzzfeed.com,Active
LE-602-62064,OP-281-57591,ACC-518-98523,Veum-Kunze,(+353)618616259,Cork,Manfred Plait,sdobbinsu@unc.edu,Active
LE-301-53723,OP-458-04625,ACC-233-98368,"Bashirian, Nader and Johnston",(+353)369819718,Belfast,Rhoda Loftus,dhalloranv@ca.gov,Active
LE-867-84638,OP-304-63208,ACC-697-01947,"Breitenberg, Bednar and Mitchell",(+353)064083861,Galway,Judi Zupone,escourfieldw@homestead.com,Active
LE-308-65296,OP-199-05452,ACC-785-39429,Kirlin and Sons,(+353)984386406,Maynooth,Marta Labell,fbernotx@icq.com,Active
LE-899-55733,OP-411-53190,ACC-415-86811,Luettgen-Cruickshank,(+353)469392358,Dublin,Rianon Drews,btremmely@state.gov,Active
LE-079-08583,OP-717-45607,ACC-436-28123,"Runolfsdottir, Lind and Roberts",(+353)475298372,Dublin,Delphinia Askwith,lmuxworthyz@ifeng.com,Active
LE-647-86404,OP-053-56628,ACC-135-25689,Quitzon-Blanda,(+353)578935516,Maynooth,Henderson Bowcock,vtheseira10@1und1.de,Active
LE-856-41325,OP-131-35459,ACC-511-30766,Hand Inc,(+353)046808715,Maynooth,Lillian Shwenn,jbynold11@ox.ac.uk,Active
LE-636-40511,OP-532-88986,ACC-782-38681,Hane Inc,(+353)312414564,Limerick,Rafael Bunnell,sbanasevich12@elpais.com,Active
LE-806-34670,OP-826-62128,ACC-161-01819,Shanahan-Senger,(+353)504461177,Maynooth,Fifi Solman,eaddlestone13@prweb.com,Active
LE-497-01919,OP-871-39223,ACC-732-39624,"Mayert, Mills and Langosh",(+353)158652474,Dublin,Lamond Gleadle,cprothero14@virginia.edu,Active
LE-152-60786,OP-072-87053,ACC-703-05302,"Botsford, Nolan and Pouros",(+353)527510744,Galway,Almeda Govenlock,acostard15@booking.com,Active
LE-421-28694,OP-824-34449,ACC-698-54978,"Cruickshank, Bauch and Cummings",(+353)269861506,Limerick,Ree Docwra,bhoulston16@360.cn,Active
LE-514-52971,OP-628-27915,ACC-546-59783,Muller-O'Reilly,(+353)017429674,Cork,Orelie Houlson,ssutherden17@nytimes.com,Active
LE-462-93759,OP-880-94345,ACC-725-88015,"Koelpin, Prosacco and Donnelly",(+353)417899415,Belfast,Warden Buske,sseakin18@squarespace.com,Active
LE-185-98997,OP-074-84433,ACC-561-70765,Jaskolski-Kulas,(+353)493601992,Limerick,Shandee Karpenko,aclapshaw19@ow.ly,Active
LE-758-36366,OP-777-69963,ACC-781-99080,Schimmel-DuBuque,(+353)640651171,Belfast,Kayle Toothill,dleythley1a@redcross.org,Active
LE-611-37778,OP-679-20069,ACC-232-84859,"Weimann, Anderson and Collins",(+353)396220050,Maynooth,Hildagarde Heckle,mhickenbottom1b@guardian.co.uk,Active
LE-980-06089,OP-470-22995,ACC-424-31495,Bergnaum Inc,(+353)731070696,Cork,Deerdre Vaines,npayze1c@cpanel.net,Active
LE-517-46372,OP-668-77750,ACC-204-98092,Bergnaum and Sons,(+353)945857548,Belfast,Arleyne Fonquernie,mduchart1d@tuttocitta.it,Active
LE-846-71792,OP-627-04037,ACC-755-49558,"Hauck, Cormier and Schuster",(+353)704006078,Cork,Lazare Marien,rorwin1e@salon.com,Active
LE-225-66344,OP-660-28189,ACC-167-77022,O'Hara Group,(+353)552153668,Belfast,Veradis Odlin,khuyton1f@cyberchimps.com,Active
LE-138-31757,OP-203-96415,ACC-067-53805,"Cummings, Marks and Durgan",(+353)592602668,Cork,Rafaellle Cassel,egough1g@slate.com,Active
LE-719-09113,OP-725-57980,ACC-808-79319,"Williamson, Jast and Mueller",(+353)410465357,Belfast,Dotti Concklin,hwiggin1h@cam.ac.uk,Active
LE-371-44002,OP-206-65750,ACC-843-07663,Trantow-Conn,(+353)127692720,Dublin,Rebekkah Mizzen,ldomesday1i@businesswire.com,Active
LE-773-95651,OP-355-95723,ACC-052-73297,Collier LLC,(+353)885975437,Maynooth,Man McRorie,drosin1j@infoseek.co.jp,Active
LE-025-79369,OP-336-04993,ACC-992-05122,Bednar Inc,(+353)740008613,Maynooth,Regina Pender,mprice1k@army.mil,Active
LE-285-51112,OP-354-18962,ACC-212-73204,Heathcote Inc,(+353)303339125,Dublin,Letty Alywin,kdinnis1l@csmonitor.com,Active
LE-012-82159,OP-376-27043,ACC-198-96240,Lemke-Tromp,(+353)393014838,Maynooth,Henka Trinkwon,scutchee1m@symantec.com,Active
LE-385-28694,OP-445-32805,ACC-644-01365,Cruickshank Inc,(+353)944573449,Belfast,Othelia Pelling,bposnett1n@google.com,Active
LE-191-80671,OP-316-77779,ACC-405-40194,Schaefer-Rolfson,(+353)120128648,Limerick,Celestina Benardet,ablockley1o@prweb.com,Active
LE-787-16582,OP-022-54101,ACC-929-97183,"Kuhic, Monahan and Champlin",(+353)749677094,Belfast,Tibold Kempe,dwylam1p@microsoft.com,Active
LE-883-02853,OP-597-18610,ACC-991-73725,"Kling, Kuhic and O'Hara",(+353)383977306,Belfast,Janine Alexis,nscandred1q@ustream.tv,Active
LE-864-84374,OP-843-77767,ACC-210-70437,Kub LLC,(+353)846879289,Limerick,Bobbi Revett,icottam1r@wired.com,Active
LE-552-71854,OP-714-30027,ACC-836-98460,Runolfsdottir-Walker,(+353)107787589,Cork,Drusy Beedom,njoll1s@forbes.com,Active
LE-607-31477,OP-404-11091,ACC-662-07940,"Walker, Zulauf and White",(+353)247877629,Cork,Kathlin Sinkin,mbenediktovich1t@ox.ac.uk,Active
LE-398-63646,OP-481-81803,ACC-761-57339,Bechtelar-Jacobs,(+353)265005840,Cork,Loella Caselli,rpithie1u@webs.com,Active
LE-008-37816,OP-289-94132,ACC-453-66879,Batz-Kling,(+353)184663809,Maynooth,Waiter Radden,hservice1v@godaddy.com,Active
LE-104-71028,OP-769-52700,ACC-706-24707,"Kessler, Goodwin and Keebler",(+353)424347830,Galway,Flossi Ickovici,aloveitt1w@abc.net.au,Active
LE-102-46582,OP-213-29974,ACC-145-35059,"Runolfsson, Lesch and Kuhic",(+353)137441436,Belfast,Nicolette McLese,sroiz1x@japanpost.jp,Active
LE-244-20585,OP-386-80976,ACC-892-16403,"Halvorson, Connelly and Fadel",(+353)865506532,Limerick,Gwyneth Gieraths,aroxby1y@sbwire.com,Active
LE-366-42468,OP-765-28772,ACC-208-79104,Ferry Group,(+353)233794438,Cork,Kass Worsam,bklaiser1z@ning.com,Active
LE-318-78380,OP-889-54919,ACC-330-47014,"Yost, Parker and Sauer",(+353)817255579,Galway,Jocko Cody,rhearns20@nbcnews.com,Active
LE-994-50609,OP-717-75332,ACC-982-68328,"Stracke, Lebsack and Emard",(+353)953784411,Galway,Denys Cattroll,fhousaman21@miitbeian.gov.cn,Active
LE-607-15787,OP-424-89437,ACC-531-28479,Heidenreich-Dooley,(+353)876244154,Maynooth,Gilly Benda,rtickner22@blogtalkradio.com,Active
LE-104-33746,OP-920-71529,ACC-417-37326,Morissette-Zulauf,(+353)239234378,Maynooth,Isacco Bullin,dskullet23@youtu.be,Active
LE-858-99866,OP-280-82563,ACC-591-30565,Howell-Deckow,(+353)493152698,Maynooth,Inger Heining,mbrockwell24@prlog.org,Active
LE-539-15992,OP-017-66779,ACC-022-21714,Oberbrunner Group,(+353)087607945,Dublin,Aguie Fri,fhruska25@irs.gov,Active
LE-490-02525,OP-863-59227,ACC-622-56654,Pfannerstill-Braun,(+353)154315108,Dublin,Bear Fedoronko,jdomingues26@marriott.com,Active
LE-832-79922,OP-513-74669,ACC-465-47198,Robel-Robel,(+353)893275831,Dublin,Marni Bilverstone,tborborough27@homestead.com,Active
LE-186-68944,OP-745-76881,ACC-517-79365,Lind Inc,(+353)086197544,Belfast,Rickert Boddis,zstroobant28@behance.net,Active
LE-411-16381,OP-147-07732,ACC-008-30395,"Hirthe, Stark and Littel",(+353)851257271,Limerick,Gwenneth Czaple,kdoll29@nbcnews.com,Active
LE-956-09005,OP-485-71094,ACC-298-45176,"Dietrich, Jacobs and Hammes",(+353)641966602,Galway,Brandise Thistleton,fallam2a@mac.com,Active
LE-924-52313,OP-510-92577,ACC-106-83633,Dicki-Dietrich,(+353)030770406,Dublin,Renato Pyne,ymeco2b@smh.com.au,Active
LE-871-08106,OP-845-94627,ACC-146-39289,"Weimann, VonRueden and Watsica",(+353)268585383,Cork,Corly Riggs,tbatchley2c@nifty.com,Active
LE-751-02109,OP-125-10424,ACC-287-11761,Legros-Abshire,(+353)579952498,Maynooth,Myrna Grey,avernall2d@spiegel.de,Active
LE-050-82698,OP-841-32517,ACC-536-97679,Kirlin-Aufderhar,(+353)052030281,Dublin,Janot Pundy,abischop2e@ezinearticles.com,Active
LE-960-03569,OP-736-86476,ACC-092-40239,"Dicki, Heidenreich and O'Kon",(+353)740512261,Belfast,Standford Weathers,drulf2f@chronoengine.com,Active
LE-693-10180,OP-855-80369,ACC-247-27518,Koepp-Leuschke,(+353)091630674,Limerick,Suellen Sommerton,pwohler2g@typepad.com,Active
LE-365-08185,OP-318-05716,ACC-385-20070,"Stamm, Hammes and Wiza",(+353)587902815,Maynooth,Lorene Paddie,jflowith2h@list-manage.com,Active
LE-100-91989,OP-641-50412,ACC-451-37509,Gulgowski-Mitchell,(+353)130290172,Maynooth,Celinka Zuppa,lglewe2i@squidoo.com,Active
LE-652-34679,OP-738-40658,ACC-893-99081,"Walker, Hyatt and Kuhn",(+353)722599760,Dublin,Fleur Loads,hcharnley2j@furl.net,Active
LE-457-15409,OP-961-79272,ACC-454-73235,Powlowski and Sons,(+353)065649241,Dublin,Hermie Mauser,ibartholin2k@imgur.com,Active
LE-324-73290,OP-801-33050,ACC-428-02638,Powlowski-Kemmer,(+353)428996555,Belfast,Roxi Dyde,chabben2l@twitpic.com,Active
LE-254-25022,OP-818-30216,ACC-795-15252,Lesch-Dicki,(+353)912595184,Belfast,Sutton Tune,lposen2m@ask.com,Active
LE-317-94944,OP-198-49784,ACC-950-36062,Erdman Inc,(+353)096604820,Cork,Carie Carrack,cmorphey2n@cisco.com,Active
LE-321-97158,OP-564-10934,ACC-259-49295,"Okuneva, Considine and Schulist",(+353)477347491,Maynooth,Ethelyn Toulmin,dmaccome2o@blogtalkradio.com,Active
LE-811-93960,OP-264-39446,ACC-005-48472,Collins Group,(+353)950792103,Belfast,Ivonne Winnett,nlivingstone2p@exblog.jp,Active
LE-671-16658,OP-065-56302,ACC-269-48826,Lang-Gleason,(+353)342757805,Dublin,Britta Starr,ncorbet2q@harvard.edu,Active
LE-812-61739,OP-788-88831,ACC-701-06529,Bruen-Kerluke,(+353)792594211,Galway,Andres Gimber,isawyers2r@mit.edu,Active
LE-945-84905,OP-620-51003,ACC-514-94713,"Nikolaus, Brown and Harris",(+353)655363133,Maynooth,Pate Taig,ifellis2s@blog.com,Active
LE-898-59258,OP-532-89811,ACC-701-28559,Mosciski Inc,(+353)952523628,Limerick,Elsbeth O'Suaird,vbraybrook2t@myspace.com,Active
LE-718-22061,OP-296-35899,ACC-032-13041,"Klocko, Ledner and Rogahn",(+353)568506660,Limerick,Abbie Cousens,strudgion2u@chicagotribune.com,Active
LE-240-47643,OP-366-28714,ACC-070-25301,Gutmann-Cronin,(+353)443322992,Maynooth,Dorita O'Hdirscoll,dgrigaut2v@g.co,Active
LE-702-54710,OP-887-02684,ACC-259-26964,Lehner and Sons,(+353)508435650,Cork,Henryetta Di Iorio,roloinn2w@technorati.com,Active
LE-068-98290,OP-943-31703,ACC-418-67384,"Miller, Schowalter and Mills",(+353)197061421,Maynooth,Geralda Franzman,mwickling2x@phoca.cz,Active
LE-352-35679,OP-253-54997,ACC-247-23819,Kunde-Leannon,(+353)943073841,Dublin,Margette Parratt,mkhalid2y@ftc.gov,Active
LE-438-10331,OP-910-87502,ACC-562-06079,Hansen-Keeling,(+353)763250156,Galway,Odessa Tulleth,aambrogio2z@answers.com,Active
LE-031-37559,OP-626-00437,ACC-666-59855,Wiegand-Gulgowski,(+353)700941665,Cork,Giordano Welbrock,trymour30@dailymotion.com,Active
LE-019-27082,OP-069-99986,ACC-048-86723,Littel Group,(+353)048703087,Belfast,Ana Barnsdale,cadie31@over-blog.com,Active
LE-431-00056,OP-632-59745,ACC-553-88313,"Borer, Bernier and Kuhn",(+353)320271518,Limerick,Wakefield Wigan,bbarwell32@adobe.com,Active
LE-518-25063,OP-912-45390,ACC-635-38273,"Feil, Wunsch and Trantow",(+353)424861259,Dublin,Westbrook Bassett,dsnar33@fastcompany.com,Active
LE-301-58551,OP-870-12500,ACC-380-82343,Torphy-Daugherty,(+353)738756164,Limerick,Leicester Dominec,vhatchette34@feedburner.com,Active
LE-584-95314,OP-561-23474,ACC-385-56711,Bradtke-Zemlak,(+353)067424391,Belfast,Katheryn Iacobo,limmer35@slideshare.net,Active
LE-153-23584,OP-985-37454,ACC-563-94827,Cormier-Feil,(+353)874791268,Galway,Dorian Speedin,rforty36@slate.com,Active
LE-658-90269,OP-995-60536,ACC-249-48253,Ledner LLC,(+353)200981676,Galway,Tyrone Flexman,dbabcock37@weebly.com,Active
LE-091-33874,OP-726-50708,ACC-969-34537,Schamberger Group,(+353)102201596,Belfast,Peria Donizeau,amartinello38@domainmarket.com,Active
LE-223-87214,OP-182-30036,ACC-653-85546,Stark-Mueller,(+353)611141209,Dublin,Gare Brothwell,veastup39@issuu.com,Active
LE-840-85629,OP-672-42821,ACC-109-24960,Krajcik LLC,(+353)303256654,Maynooth,Emmie McSporon,lgodsal3a@yahoo.co.jp,Active
LE-804-88912,OP-050-93160,ACC-513-21338,Huels Group,(+353)999420656,Maynooth,Caitlin Guittet,gchatan3b@vinaora.com,Active
LE-964-95798,OP-633-94621,ACC-731-79404,Jacobi LLC,(+353)891822498,Limerick,Daile Mougeot,aodoherty3c@ucoz.ru,Active
LE-150-76479,OP-812-75485,ACC-089-05930,Fisher LLC,(+353)097835235,Dublin,Parke Chapelhow,ssiddele3d@cbc.ca,Active
LE-214-47844,OP-332-21207,ACC-394-39637,Wehner Group,(+353)776172969,Limerick,Logan Whisson,lfort3e@blog.com,Active
LE-035-89862,OP-987-75045,ACC-149-64093,"Mertz, Kozey and Kemmer",(+353)959364564,Belfast,Jammal Hardi,dassaf3f@samsung.com,Active
LE-220-78032,OP-038-41835,ACC-826-88078,Schuppe-Weissnat,(+353)147192707,Maynooth,Tommy Bowler,kvanthoff3g@washington.edu,Active
LE-332-85271,OP-485-40678,ACC-422-95267,"Stroman, Turner and Hermann",(+353)190348639,Galway,Ambrosius Wildbore,rsaynor3h@smugmug.com,Active
LE-817-16549,OP-125-96734,ACC-882-39340,"Grant, Becker and Stokes",(+353)725309520,Cork,Guendolen Skillett,fkleinhandler3i@hubpages.com,Active
LE-038-56058,OP-094-57140,ACC-515-41304,Davis Inc,(+353)958059861,Galway,Pavlov Cristoferi,dsherville3j@cdc.gov,Active
LE-304-88910,OP-178-58096,ACC-947-03418,"Hayes, Jakubowski and Collins",(+353)205625619,Galway,Lorrie Mackneis,gjenney3k@skyrock.com,Active
LE-600-71544,OP-761-53595,ACC-167-37724,Padberg Group,(+353)889774492,Cork,Hayward Kaveney,lfleetham3l@printfriendly.com,Active
LE-736-87322,OP-264-53041,ACC-654-32480,Willms LLC,(+353)709056117,Belfast,Boony Hefford,dhenryson3m@disqus.com,Active
LE-127-53025,OP-820-80164,ACC-975-59445,Harber Group,(+353)372261016,Dublin,Jaynell Gregorace,sgowing3n@shutterfly.com,Active
LE-225-66557,OP-749-64602,ACC-671-05698,"Waters, Bruen and Abshire",(+353)474883487,Cork,Leopold Kolakowski,mambler3o@amazon.co.jp,Active
LE-561-04263,OP-869-00661,ACC-355-69245,Jerde-Hamill,(+353)810183083,Belfast,Amerigo Gudge,bspellworth3p@google.com.br,Active
LE-978-72476,OP-282-74767,ACC-984-05233,Haley and Sons,(+353)951785568,Cork,Hadria Bartosik,hschroder3q@tuttocitta.it,Active
LE-609-39599,OP-233-78992,ACC-150-96092,Reynolds LLC,(+353)321006073,Belfast,Huntley Emberton,pdummigan3r@typepad.com,Active
LE-596-55133,OP-586-01630,ACC-899-69437,"Zboncak, Kuhlman and Moore",(+353)372866787,Maynooth,Joanna Grishechkin,abartolomeotti3s@ibm.com,Active
LE-212-26556,OP-713-35057,ACC-359-55821,Blick LLC,(+353)102363091,Dublin,Bernie Rutherford,wwebben3t@freewebs.com,Active
LE-639-14405,OP-015-10227,ACC-060-08949,Welch-Schmitt,(+353)174410267,Galway,Lorilee Radsdale,jdyerson3u@sfgate.com,Active
LE-099-61780,OP-107-18572,ACC-681-16470,"Hessel, Yundt and Larkin",(+353)124679786,Limerick,Bobinette Ramalhete,mpitson3v@mac.com,Active
LE-623-26392,OP-569-89586,ACC-907-76774,Becker-Larkin,(+353)458160703,Dublin,Quillan Matthiae,imcgrah3w@usgs.gov,Active
LE-316-05010,OP-604-04247,ACC-805-30240,Boyer-Kilback,(+353)423319514,Belfast,Gabriellia Wareing,alacotte3x@epa.gov,Active
LE-266-29459,OP-428-86974,ACC-839-47334,Hessel and Sons,(+353)368261634,Limerick,Inga Scahill,brobken3y@tinypic.com,Active
LE-698-24865,OP-723-05245,ACC-122-53580,Dickinson and Sons,(+353)786226195,Limerick,Corbet Dillestone,cbenner3z@bloglines.com,Active
LE-276-46820,OP-884-35428,ACC-432-45754,Fadel Group,(+353)303531450,Maynooth,Winfred Healy,oformoy40@printfriendly.com,Active
LE-333-92888,OP-496-56135,ACC-388-89500,"Fritsch, Cruickshank and Kuhn",(+353)896854450,Galway,Rab Vanes,saddington41@privacy.gov.au,Active
LE-390-38170,OP-972-78048,ACC-877-44649,Eichmann-Nikolaus,(+353)336759991,Cork,Calli Girone,ipennyman42@ucoz.ru,Active
LE-297-02475,OP-868-53843,ACC-307-01585,Cremin Group,(+353)989593074,Galway,Roseanne Sale,dsockell43@meetup.com,Active
LE-278-88578,OP-388-44485,ACC-107-09564,"Bauch, Yundt and Kessler",(+353)617938368,Maynooth,Torrie Sweynson,skermitt44@digg.com,Active
LE-371-84629,OP-286-94427,ACC-344-92857,Parisian-Kemmer,(+353)295799329,Cork,Clara McEvon,mhamley45@amazonaws.com,Active
LE-977-29743,OP-580-82642,ACC-189-66417,Schiller Inc,(+353)325668710,Limerick,Emmett Forty,hduffil46@wunderground.com,Active
LE-764-24190,OP-223-45676,ACC-247-47055,Huels Group,(+353)182182328,Maynooth,Fawne O'Dooghaine,bpontin47@is.gd,Active
LE-668-69340,OP-358-79871,ACC-859-06629,O'Hara LLC,(+353)185330103,Cork,Arabele Roscamp,sjack48@microsoft.com,Active
LE-560-77404,OP-152-87504,ACC-583-95429,"Mraz, Larkin and Schimmel",(+353)722154703,Dublin,Guillermo Dobrovolski,idelavaletteparisot49@tuttocitta.it,Active
LE-553-75914,OP-882-79678,ACC-438-16725,"Considine, Wiegand and Veum",(+353)758109833,Galway,Paxton Buffey,zyukhtin4a@youku.com,Active
LE-387-20541,OP-239-89776,ACC-224-50157,Cole-Mitchell,(+353)095771087,Dublin,Jocelin Thow,emendus4b@360.cn,Active
LE-616-49491,OP-721-88565,ACC-307-63474,"Schowalter, Quitzon and O'Keefe",(+353)005627206,Maynooth,Lovell Adamou,rgerrard4c@last.fm,Active
LE-762-78030,OP-626-22806,ACC-806-13289,"Jerde, Lueilwitz and Erdman",(+353)970657811,Maynooth,Alli Pascoe,stither4d@auda.org.au,Active
LE-909-24389,OP-758-42074,ACC-595-11635,"Jones, Steuber and Hermann",(+353)058516960,Galway,Jackelyn Ambler,rdiboll4e@arizona.edu,Active
LE-684-66235,OP-750-33314,ACC-590-99440,Christiansen-Erdman,(+353)792065138,Galway,Der Crafts,ngerge4f@symantec.com,Active
LE-503-05331,OP-711-28102,ACC-613-53765,Ortiz-Greenholt,(+353)005226639,Dublin,Flory Petteford,cmaiden4g@dell.com,Active
LE-935-87163,OP-983-54507,ACC-840-83538,Nader Group,(+353)898722283,Belfast,Alissa Hilldrup,vandreacci4h@smugmug.com,Active
LE-481-42792,OP-519-73651,ACC-118-19334,"Jakubowski, Volkman and Waters",(+353)839772561,Galway,Leesa Mochan,hdilkes4i@umn.edu,Active
LE-496-85470,OP-349-09240,ACC-629-06639,Hauck LLC,(+353)799579176,Belfast,Brunhilde Perello,pcollingridge4j@mediafire.com,Active
LE-669-83537,OP-077-20715,ACC-968-23787,Price LLC,(+353)891062705,Galway,Lesley Audiss,obittany4k@moonfruit.com,Active
LE-963-93918,OP-780-99362,ACC-239-17269,"Jones, McCullough and Corkery",(+353)656083223,Cork,Lenard Vaskin,msmallacombe4l@springer.com,Active
LE-837-37479,OP-915-25900,ACC-796-70904,"Dach, Ritchie and Lebsack",(+353)612609833,Limerick,Skell Boerderman,nbavage4m@reddit.com,Active
LE-527-36225,OP-605-37201,ACC-140-83051,"Paucek, Ferry and Rogahn",(+353)858930443,Cork,Elka Dinwoodie,jjost4n@oaic.gov.au,Active
LE-807-40147,OP-100-93440,ACC-518-95370,O'Hara-Reinger,(+353)771534627,Maynooth,Zak Tooher,fmacteague4o@miibeian.gov.cn,Active
LE-942-68813,OP-188-26442,ACC-530-25783,Farrell-Homenick,(+353)256039288,Dublin,Immanuel MacCumiskey,jmckibbin4p@ocn.ne.jp,Active
LE-692-07955,OP-402-56866,ACC-237-36187,"Schulist, Mohr and Windler",(+353)721813215,Cork,Roland Cominoli,nharme4q@timesonline.co.uk,Active
LE-719-95819,OP-737-21725,ACC-266-90345,"West, Hermann and Tillman",(+353)841700367,Galway,Ole Montacute,mpoyle4r@arstechnica.com,Active
LE-861-65251,OP-842-97817,ACC-668-54005,"Ryan, Rutherford and Mertz",(+353)372788922,Maynooth,Angelia Pitchers,btagg4s@accuweather.com,Active
LE-480-99085,OP-985-96254,ACC-507-11363,Jerde Inc,(+353)274123749,Galway,Marnie Ferries,echew4t@goodreads.com,Active
LE-497-41777,OP-676-78021,ACC-395-45397,D'Amore-Abbott,(+353)042994917,Cork,Tucky Mabee,msabberton4u@unc.edu,Active
LE-470-75639,OP-374-90312,ACC-638-25097,Fritsch and Sons,(+353)857273274,Belfast,Tamar Bourhill,sbolt4v@hp.com,Active
LE-702-40208,OP-171-74546,ACC-882-61359,Predovic Group,(+353)599640184,Maynooth,Kathy Lewens,ccapper4w@ibm.com,Active
LE-833-59796,OP-789-29016,ACC-332-62396,Miller and Sons,(+353)225265526,Belfast,Edithe Temlett,cwalbrook4x@ca.gov,Active
LE-460-48800,OP-303-33475,ACC-997-60887,Koch-Spencer,(+353)175455210,Galway,Emlen Standall,tdreier4y@indiatimes.com,Active
LE-999-03292,OP-900-83769,ACC-482-97272,Bode-Schultz,(+353)331297265,Cork,Oby Overpool,dcremen4z@redcross.org,Active
LE-879-76599,OP-260-72654,ACC-330-59056,"Schulist, Gutkowski and Balistreri",(+353)697439792,Maynooth,Peg Chesshyre,stzar50@xing.com,Active
LE-057-92745,OP-007-05412,ACC-598-25146,Nikolaus Inc,(+353)589856983,Maynooth,Corabel MacVagh,jpollington51@shareasale.com,Active
LE-036-19023,OP-570-55862,ACC-169-16060,"VonRueden, Kshlerin and Fadel",(+353)564285639,Maynooth,Brynne Merrilees,rupstone52@oaic.gov.au,Active
LE-553-29773,OP-596-18812,ACC-924-38021,Jakubowski LLC,(+353)880586433,Dublin,Tallie De la Yglesia,qdigg53@si.edu,Active
LE-748-81119,OP-975-22216,ACC-350-72099,Kovacek-Kling,(+353)025883745,Galway,Trent Vaszoly,ajosowitz54@cnn.com,Active
LE-546-31610,OP-336-24656,ACC-372-81365,Shanahan-Quitzon,(+353)857834053,Cork,Warren Sweating,gstreetfield55@yale.edu,Active
LE-483-38633,OP-670-59982,ACC-936-74397,"Brakus, Haag and Johnson",(+353)006994033,Dublin,Chrotoem Nisby,mwickliffe56@google.nl,Active
LE-550-44652,OP-458-19462,ACC-264-94353,"Kunze, Bednar and Anderson",(+353)765421201,Dublin,Pammy Kerslake,baubry57@hostgator.com,Active
LE-203-72831,OP-900-02645,ACC-250-75019,Abbott-Erdman,(+353)817804118,Dublin,Tome Pauletti,gdeave58@wordpress.org,Active
LE-814-29930,OP-687-24820,ACC-253-54805,Gerlach-Stanton,(+353)185964967,Cork,Cari Dable,jflecknell59@ask.com,Active
LE-748-84557,OP-764-64148,ACC-411-72076,Green-McKenzie,(+353)366206668,Galway,Margy Eborall,bthwaites5a@prnewswire.com,Active
LE-574-52848,OP-253-07124,ACC-841-89387,Koelpin and Sons,(+353)104590856,Cork,Carmelle Robertacci,hperutto5b@omniture.com,Active
LE-264-91681,OP-986-04715,ACC-903-80143,"Blanda, Jaskolski and Mann",(+353)790770011,Belfast,Auberon Scrauniage,cgolsthorp5c@boston.com,Active
LE-622-95496,OP-389-09594,ACC-961-99246,White Inc,(+353)669095646,Cork,Isidora Turfin,lcornell5d@nyu.edu,Active
LE-634-31757,OP-892-43986,ACC-142-50420,McGlynn and Sons,(+353)136079213,Cork,Ash Falloon,gsqueers5e@amazon.co.uk,Active
LE-794-34569,OP-457-98630,ACC-863-36951,Farrell LLC,(+353)559996044,Limerick,Trumaine Pallaske,dbidnall5f@macromedia.com,Active
LE-309-14022,OP-468-71268,ACC-140-17532,"Strosin, Okuneva and Little",(+353)308562103,Maynooth,Bronson Harsant,tspinetti5g@google.co.jp,Active
LE-671-88372,OP-300-18230,ACC-474-23443,Pollich and Sons,(+353)742758363,Cork,Edee Keen,chackinge5h@samsung.com,Active
LE-000-88881,OP-618-96222,ACC-313-38941,Jaskolski-Stehr,(+353)115128091,Limerick,Guenna Eronie,mrykert5i@japanpost.jp,Active
LE-692-18235,OP-441-85438,ACC-049-79805,"Berge, Bogisich and Hayes",(+353)063861135,Dublin,Joana Boulde,hseago5j@china.com.cn,Active
LE-481-46564,OP-603-57068,ACC-379-98737,Schaefer LLC,(+353)883830654,Limerick,Ermengarde Alderwick,bdurrans5k@ibm.com,Active
LE-474-63842,OP-315-96926,ACC-536-23424,Nolan-Gusikowski,(+353)419136683,Cork,Alayne Sharrocks,alivingston5l@hostgator.com,Active
LE-630-15146,OP-338-74040,ACC-934-86855,"Dickinson, Yost and Bernhard",(+353)474065945,Maynooth,Jens Colnet,kfrentz5m@nydailynews.com,Active
LE-137-69306,OP-006-68667,ACC-524-26385,Hahn-Dietrich,(+353)915891244,Maynooth,Marlow Caron,lwesgate5n@tinyurl.com,Active
LE-561-78870,OP-951-50490,ACC-870-76981,Kshlerin-Stiedemann,(+353)056685227,Galway,Zeke Cobley,ggensavage5o@youtu.be,Active
LE-946-29279,OP-099-74803,ACC-956-79937,"Runolfsson, Parisian and Cronin",(+353)112887425,Maynooth,Lenette Habeshaw,bdemetz5p@edublogs.org,Active
LE-572-38998,OP-069-23033,ACC-480-27251,Boehm LLC,(+353)565432256,Maynooth,Kris Allmark,dshirley5q@studiopress.com,Active
LE-006-92091,OP-085-16860,ACC-321-92108,Stroman Inc,(+353)665196722,Limerick,Juli Keppel,ldoughton5r@fastcompany.com,Active
LE-828-50373,OP-734-52000,ACC-498-91221,Wilderman Inc,(+353)286650296,Dublin,Tommi Hoyes,bhartwell5s@i2i.jp,Active
LE-640-65528,OP-663-22802,ACC-838-72784,"Baumbach, Johnston and Gutmann",(+353)292515265,Cork,Cathe Sturgeon,gmeardon5t@youku.com,Active
LE-614-21236,OP-369-40422,ACC-247-67028,"Breitenberg, Wyman and Kertzmann",(+353)888507762,Belfast,Amelie Pavlasek,apidgeon5u@fc2.com,Active
LE-103-26531,OP-043-48277,ACC-584-08299,Aufderhar-Bailey,(+353)624687683,Dublin,Ophelia Tawton,gbaldinotti5v@mashable.com,Active
LE-013-25976,OP-826-96276,ACC-290-27084,Stiedemann Inc,(+353)932763005,Galway,Adriaens Hourihan,aumbers5w@google.co.uk,Active
LE-590-90081,OP-062-74980,ACC-872-83231,Powlowski Group,(+353)100868720,Belfast,Alva Carnson,ajollie5x@google.co.uk,Active
LE-726-86835,OP-528-08326,ACC-547-84352,Jenkins Group,(+353)671806396,Limerick,Toma Langridge,gsabatini5y@linkedin.com,Active
LE-159-86105,OP-120-05971,ACC-740-49503,Reilly-Gleason,(+353)571335906,Maynooth,Rosalind Challin,bgibbs5z@ucsd.edu,Active
LE-473-94748,OP-615-76806,ACC-971-73202,Heidenreich-Bradtke,(+353)985273489,Galway,Karisa Paulus,vmcgriffin60@lycos.com,Active
LE-076-99445,OP-475-06146,ACC-156-98334,Hartmann Inc,(+353)960906022,Galway,Terri Berrisford,rcorcoran61@unc.edu,Active
LE-181-48642,OP-947-74565,ACC-605-15314,Graham-Wintheiser,(+353)627725208,Cork,Auberta Linkleter,ctitley62@creativecommons.org,Active
LE-928-70075,OP-973-37591,ACC-524-51399,"Haley, Larkin and Jakubowski",(+353)930539174,Limerick,Ennis Sarch,tromanet63@foxnews.com,Active
LE-361-65011,OP-937-54372,ACC-471-16368,"Turner, Sipes and Lynch",(+353)108749827,Belfast,Shayla Jaqueminet,mzambon64@istockphoto.com,Active
LE-686-85259,OP-960-75629,ACC-067-17631,DuBuque-Kassulke,(+353)401388841,Maynooth,Hamlen Henricsson,pbuckland65@whitehouse.gov,Active
LE-052-02254,OP-301-28831,ACC-700-16123,Walker-Greenholt,(+353)174053675,Maynooth,Randi Geely,adurker66@indiegogo.com,Active
LE-548-42790,OP-233-10931,ACC-993-20475,Zieme LLC,(+353)221556024,Belfast,Angeline Caser,aemmatt67@dedecms.com,Active
LE-218-98604,OP-835-04887,ACC-157-49040,"Walker, Franecki and Fay",(+353)297101412,Cork,Vannie Finneran,jduigenan68@jiathis.com,Active
LE-421-97847,OP-239-72724,ACC-316-27352,"Rosenbaum, Gislason and Feil",(+353)412882574,Dublin,Chas Creeber,cknock69@shinystat.com,Active
LE-001-15679,OP-313-74569,ACC-072-06270,Treutel Group,(+353)226499647,Belfast,Aldridge De Bruijne,edesremedios6a@g.co,Active
LE-219-12763,OP-139-58544,ACC-260-07749,Aufderhar Group,(+353)060672998,Belfast,Ellen Hainge,skliement6b@admin.ch,Active
LE-219-02970,OP-261-49189,ACC-709-64001,McCullough Inc,(+353)130548341,Belfast,Agretha Sans,omcleary6c@ed.gov,Active
LE-129-76538,OP-636-37771,ACC-804-11897,Quitzon Group,(+353)655351718,Belfast,Beverlie Colten,edarlasson6d@ca.gov,Active
LE-230-50339,OP-730-34417,ACC-858-40876,"Rogahn, Blanda and Kuhn",(+353)999143115,Belfast,Demetra Deakes,toconnell6e@acquirethisname.com,Active
LE-438-97985,OP-681-61864,ACC-437-13648,Langosh Group,(+353)815270808,Belfast,Kara-lynn Cordeix,svansalzberger6f@myspace.com,Active
LE-849-01266,OP-420-00268,ACC-637-70193,Greenholt-Orn,(+353)843950718,Dublin,Shirleen Newrick,sdechelette6g@foxnews.com,Active
LE-622-24895,OP-024-47723,ACC-685-42776,"Quitzon, Stoltenberg and Kassulke",(+353)107130486,Belfast,Ferdinande Chipps,djozefczak6h@shutterfly.com,Active
LE-230-64189,OP-328-18312,ACC-639-18680,"McLaughlin, Mills and Sporer",(+353)264116748,Limerick,Vonnie Swift,kgrube6i@mashable.com,Active
LE-282-57833,OP-799-27599,ACC-659-12812,Ritchie-Rodriguez,(+353)228576787,Cork,Merridie Illem,wdecourcy6j@cdc.gov,Active
LE-826-89985,OP-074-14766,ACC-305-96902,Maggio-Powlowski,(+353)300730802,Dublin,Ernestus Truscott,rficken6k@google.ca,Active
LE-592-78011,OP-552-97100,ACC-142-56639,Mayert-Jakubowski,(+353)361310811,Dublin,Ginnie Vizor,ldebruyne6l@nih.gov,Active
LE-788-63791,OP-507-15372,ACC-281-92981,Ullrich Inc,(+353)669514339,Belfast,Glynis Blandamore,ehoff6m@imdb.com,Active
LE-597-38028,OP-207-94847,ACC-278-27693,Pollich Inc,(+353)286000036,Cork,Joshia Hullett,awoodstock6n@tuttocitta.it,Active
LE-286-21183,OP-672-45082,ACC-840-88164,Ledner-King,(+353)396725464,Belfast,Carolee Loughrey,hbrugsma6o@ucoz.com,Active
LE-690-38779,OP-020-66359,ACC-671-00341,Lynch-Carter,(+353)024373277,Limerick,Lucille Pentycost,rbrosoli6p@dailymotion.com,Active
LE-534-06284,OP-158-79116,ACC-161-72513,Kerluke-Schmeler,(+353)931500350,Belfast,Pearla Karpman,dmasedon6q@wikispaces.com,Active
LE-877-35111,OP-538-13479,ACC-653-98008,Howell and Sons,(+353)870090239,Galway,Theodore Scholefield,emaudlen6r@google.co.jp,Active
LE-227-86297,OP-657-76735,ACC-571-81123,Keebler-Schimmel,(+353)160028681,Cork,Danila Shafier,gkenninghan6s@usatoday.com,Active
LE-081-89459,OP-726-21180,ACC-785-99676,"Pacocha, Daniel and Kozey",(+353)744297060,Dublin,Rubie Groveham,dshieber6t@squidoo.com,Active
LE-041-45846,OP-818-15424,ACC-355-01352,"Jakubowski, Upton and Harris",(+353)264813039,Belfast,Irvin Cackett,lreditt6u@cloudflare.com,Active
LE-896-74980,OP-263-23100,ACC-810-01184,"Watsica, Hackett and Kshlerin",(+353)030751739,Limerick,Elvina Glede,ddumbarton6v@oracle.com,Active
LE-172-66244,OP-619-95378,ACC-369-41231,Kassulke-Kiehn,(+353)548127039,Cork,Stoddard Layton,vcaras6w@themeforest.net,Active
LE-204-26449,OP-709-37710,ACC-483-93404,"Treutel, Abshire and Hermann",(+353)033107664,Cork,Kimmie Dreinan,tgatiss6x@china.com.cn,Active
LE-754-26492,OP-212-63693,ACC-278-74195,Upton-Swift,(+353)402778770,Limerick,Vince Cullabine,jperez6y@t.co,Active
LE-076-14274,OP-696-07608,ACC-325-15310,"Dibbert, Bruen and Connelly",(+353)895627657,Dublin,Randolf Knok,cdalligan6z@dmoz.org,Active
LE-281-63856,OP-275-27210,ACC-600-70174,"Hodkiewicz, Howe and Beahan",(+353)768269280,Dublin,Bessy Adams,jramalho70@mail.ru,Active
LE-144-23173,OP-714-61239,ACC-230-82656,Corwin-Turner,(+353)832845788,Limerick,Isaac Gerren,eknowlson71@mac.com,Active
LE-326-89536,OP-066-16514,ACC-995-76413,"Farrell, Carter and Mueller",(+353)254545769,Maynooth,Carlina Brugh,mbysouth72@boston.com,Active
LE-550-70575,OP-734-66091,ACC-239-62702,Windler Inc,(+353)805300621,Cork,Annmarie Gunstone,jgrombridge73@symantec.com,Active
LE-917-63197,OP-085-78708,ACC-904-85279,"Torphy, Ryan and Reichert",(+353)405776572,Cork,Remus Berriball,bgerrett74@goo.gl,Active
LE-833-58331,OP-423-35783,ACC-408-14552,"Kuhn, Hermann and Wunsch",(+353)589224476,Galway,Care Hindhaugh,sogormally75@1und1.de,Active
LE-831-65681,OP-741-53090,ACC-518-31980,"Fadel, Dicki and Lakin",(+353)053058425,Dublin,Hilliard Warre,aborgnet76@time.com,Active
LE-428-56625,OP-897-13212,ACC-074-17079,Dare Inc,(+353)975414752,Belfast,Doreen Danielovitch,rbondley77@slate.com,Active
LE-079-20586,OP-033-10918,ACC-380-50168,Prosacco-Kreiger,(+353)672755299,Belfast,Ardis De Nisco,bprestige78@vistaprint.com,Active
LE-762-08464,OP-391-02864,ACC-617-18122,"Langosh, Crist and Grant",(+353)071655231,Dublin,Joleen Cornall,cpossek79@omniture.com,Active
LE-056-39014,OP-237-79438,ACC-851-53903,Barton LLC,(+353)116062822,Galway,Corry Canelas,pgouge7a@va.gov,Active
LE-880-52170,OP-436-00536,ACC-235-35877,"Hagenes, McCullough and Schultz",(+353)594617483,Galway,Mei Aylett,cmungan7b@shinystat.com,Active
LE-301-69588,OP-360-63312,ACC-342-33445,Mills LLC,(+353)201564139,Cork,Dell Sowte,clendon7c@salon.com,Active
LE-836-25619,OP-310-20444,ACC-864-64471,"Rippin, Jacobs and Gutmann",(+353)712164294,Limerick,Carlene Feather,lballintyne7d@newsvine.com,Active
LE-101-19610,OP-935-93629,ACC-135-71973,"Miller, Reichert and Koch",(+353)936105778,Galway,Nickolas Scraggs,cgotcliff7e@eventbrite.com,Active
LE-868-53309,OP-894-77292,ACC-259-85142,Dibbert-Daniel,(+353)714056841,Maynooth,Olin Ferrarello,ralflat7f@drupal.org,Active
LE-639-08493,OP-676-35797,ACC-162-45594,Beahan-Reynolds,(+353)116970182,Maynooth,Caryl Synan,cbarstowk7g@nps.gov,Active
LE-351-85302,OP-134-59228,ACC-277-12102,Hilpert-Cummings,(+353)302378445,Limerick,Lucila Chupin,ifound7h@de.vu,Active
LE-583-13347,OP-274-07130,ACC-997-96572,Grant LLC,(+353)739018273,Cork,Moishe Heakey,cjanas7i@columbia.edu,Active
LE-483-39777,OP-135-12528,ACC-200-38016,Wintheiser-Von,(+353)544619788,Maynooth,Elyssa Polfer,toliver7j@free.fr,Active
LE-217-73539,OP-442-21294,ACC-097-75213,"Ruecker, Roberts and Lubowitz",(+353)376101301,Cork,Gerald Heathcote,lgillbe7k@reuters.com,Active
LE-912-80247,OP-216-33202,ACC-148-44096,"Hudson, Weissnat and Bernhard",(+353)130911386,Limerick,Annecorinne Nystrom,cgaynsford7l@loc.gov,Active
LE-841-67733,OP-285-51183,ACC-711-43070,Herzog-Daniel,(+353)346689362,Dublin,Dieter Bartolozzi,klatham7m@macromedia.com,Active
LE-446-29334,OP-575-14179,ACC-437-37696,Collins and Sons,(+353)027745557,Dublin,Egor Lippo,aarmatys7n@usda.gov,Active
LE-636-44446,OP-427-19108,ACC-093-00370,Konopelski-Gutkowski,(+353)280628937,Galway,Jedediah McKeon,tforestall7o@sitemeter.com,Active
LE-634-32897,OP-782-53679,ACC-120-19802,Gislason-Fadel,(+353)790096145,Limerick,Maren Loudiane,shandslip7p@jalbum.net,Active
LE-228-42352,OP-720-53714,ACC-750-24641,Nikolaus Group,(+353)805017052,Cork,Aguie Plinck,cvest7q@ezinearticles.com,Active
LE-177-01282,OP-348-07225,ACC-071-93770,Kuhic-Beatty,(+353)805333371,Maynooth,Cilka Primett,agiercke7r@zimbio.com,Active
LE-413-14627,OP-027-71365,ACC-810-41184,DuBuque-Wisoky,(+353)647832868,Dublin,Phillipe Sustins,omuscott7s@tumblr.com,Active
LE-005-63207,OP-868-82809,ACC-077-32927,"Leuschke, Kuhlman and Bayer",(+353)193981251,Galway,Wilhelm Scalia,titzkovwitch7t@springer.com,Active
LE-852-08882,OP-272-99612,ACC-674-52223,Ziemann LLC,(+353)880197618,Galway,Gerardo Jorge,lgalliard7u@chronoengine.com,Active
LE-146-32245,OP-640-54495,ACC-442-44573,"Schulist, Cartwright and Kuvalis",(+353)534718687,Dublin,Annemarie Presnell,daldcorn7v@51.la,Active
LE-992-21295,OP-116-48102,ACC-786-43598,"Volkman, Skiles and Rodriguez",(+353)222077903,Dublin,Elmo Braunton,wcorfield7w@utexas.edu,Active
LE-126-59127,OP-519-10819,ACC-527-24359,Hyatt Group,(+353)269652455,Galway,Missy Spurr,jalbisser7x@slideshare.net,Active
LE-322-00925,OP-534-04447,ACC-536-93816,Feeney Inc,(+353)915928005,Dublin,Corene Pead,cjochanany7y@nature.com,Active
LE-263-90589,OP-805-84690,ACC-637-49886,Hirthe Group,(+353)946926609,Cork,Bridie Tinniswood,rspikins7z@wunderground.com,Active
LE-897-89636,OP-735-41691,ACC-444-06410,Ortiz LLC,(+353)937905151,Maynooth,Gannie Bodycomb,sgeraghty80@wiley.com,Active
LE-222-57901,OP-986-58170,ACC-973-18337,Kohler-Tillman,(+353)993282435,Cork,Tabbi Smallcombe,cbulfoot81@dmoz.org,Active
LE-286-79794,OP-058-59220,ACC-210-65774,Mills and Sons,(+353)261598835,Maynooth,Arvy Tuerena,slennon82@1688.com,Active
LE-583-03061,OP-829-74605,ACC-421-93735,"Fritsch, Emmerich and Glover",(+353)690417570,Maynooth,Gnni Lees,talmack83@prweb.com,Active
LE-081-45871,OP-627-82712,ACC-241-49004,Nicolas-Harber,(+353)426745182,Limerick,Opaline Wiggington,bdonohoe84@oakley.com,Active
LE-910-49316,OP-446-08741,ACC-115-42351,Quigley Group,(+353)642469015,Belfast,Hannah Bathoe,nolcot85@wordpress.com,Active
LE-776-30741,OP-722-25934,ACC-271-50455,"Schowalter, Dietrich and Waelchi",(+353)076034192,Cork,Edythe Johl,nnutten86@google.nl,Active
LE-241-70420,OP-262-34384,ACC-970-09541,Leffler Group,(+353)280278891,Galway,Modestine Farrow,eboreland87@mediafire.com,Active
LE-785-28507,OP-919-53676,ACC-207-44698,Harvey-McDermott,(+353)435535025,Dublin,Katharyn Winter,gvidgeon88@nasa.gov,Active
LE-348-34598,OP-612-77937,ACC-145-97112,Cummerata-Spencer,(+353)087175856,Belfast,Nikolia Wones,gparram89@list-manage.com,Active
LE-009-59375,OP-240-80817,ACC-773-73304,Dibbert LLC,(+353)069895554,Dublin,Georgia Callacher,cjenkinson8a@wsj.com,Active
LE-924-15033,OP-330-11732,ACC-714-37908,Grant-Kessler,(+353)125665413,Limerick,Sheilah Acuna,sdarycott8b@multiply.com,Active
LE-842-59348,OP-068-41692,ACC-525-87235,"Flatley, Hoppe and Herzog",(+353)796192338,Cork,Alison Morley,borafferty8c@epa.gov,Active
LE-188-00194,OP-986-77330,ACC-272-42941,"Beier, Parisian and Kertzmann",(+353)336852922,Limerick,Katherine Nulty,rhendin8d@army.mil,Active
LE-241-41231,OP-302-64192,ACC-238-98208,Simonis-Grimes,(+353)826013582,Cork,Maximilian Nursey,tthresher8e@msn.com,Active
LE-413-32095,OP-356-75864,ACC-794-21246,"Runolfsson, Durgan and Hessel",(+353)035454090,Limerick,Kari Keirl,mhaville8f@google.com,Active
LE-336-96540,OP-273-21972,ACC-954-89567,Fritsch and Sons,(+353)825586458,Maynooth,Lisa Gittose,gollive8g@nymag.com,Active
LE-130-57380,OP-321-49600,ACC-846-00696,Runte-Powlowski,(+353)049489414,Cork,Caldwell Rawlence,ndunlap8h@php.net,Active
LE-925-71026,OP-151-14299,ACC-267-38980,Oberbrunner and Sons,(+353)469387883,Maynooth,Merola Farlow,lgiuron8i@wordpress.org,Active
LE-893-66929,OP-700-06526,ACC-957-83488,Dickinson-Crist,(+353)060103036,Cork,Myrtle Putman,tfuzzey8j@comcast.net,Active
LE-448-71526,OP-899-55129,ACC-364-53292,Aufderhar-Muller,(+353)509973916,Cork,Salvatore Vidgeon,khugh8k@webeden.co.uk,Active
LE-622-49441,OP-254-70842,ACC-371-86125,Barton LLC,(+353)551183923,Galway,Buiron Faughny,mbourrel8l@geocities.com,Active
LE-844-65603,OP-222-20961,ACC-329-99716,Hoppe Group,(+353)575717754,Belfast,Matthaeus Duprey,dwaddingham8m@imdb.com,Active
LE-394-46145,OP-665-98604,ACC-886-94617,Schultz Group,(+353)268467616,Dublin,Tasia Leupold,iovett8n@virginia.edu,Active
LE-266-62920,OP-700-85941,ACC-031-92079,"Halvorson, Boyle and Kassulke",(+353)877487184,Belfast,Selma Blackbourn,nsumpter8o@illinois.edu,Active
LE-720-40673,OP-896-17435,ACC-318-93327,Stokes-Spinka,(+353)569193336,Belfast,Jyoti Tunney,fsperring8p@slideshare.net,Active
LE-582-76394,OP-315-24878,ACC-222-05846,Sanford-Larkin,(+353)798086811,Galway,Pippy Worton,ppenman8q@nyu.edu,Active
LE-928-00727,OP-115-14798,ACC-961-95278,"Luettgen, Walter and Goyette",(+353)119096684,Galway,Chloette Gurery,dkahler8r@statcounter.com,Active
LE-518-66619,OP-088-77378,ACC-026-79763,Rogahn-Koch,(+353)707561999,Dublin,Patsy Deavall,echewter8s@addthis.com,Active
LE-861-33509,OP-180-33467,ACC-421-04101,West Inc,(+353)476729533,Cork,Karlotte Dwerryhouse,hkynson8t@freewebs.com,Active
LE-033-08650,OP-024-76432,ACC-431-20924,"Kuphal, Hackett and Welch",(+353)667391301,Dublin,De witt Lefever,znewens8u@unblog.fr,Active
LE-723-80560,OP-379-13920,ACC-449-56977,Wilderman-Larkin,(+353)181185960,Galway,Doralynne Wallace,gmattosoff8v@princeton.edu,Active
LE-664-33173,OP-568-01445,ACC-350-99307,Eichmann Inc,(+353)406734026,Galway,Cristine O'Loughlin,bputson8w@mit.edu,Active
LE-352-01285,OP-416-58438,ACC-409-55587,Gulgowski Group,(+353)771781272,Belfast,Garnet O'Kane,bslocum8x@salon.com,Active
LE-305-19667,OP-152-01808,ACC-872-89296,Little and Sons,(+353)350183225,Galway,Jewel Stanislaw,dlinton8y@nyu.edu,Active
LE-745-94901,OP-405-73229,ACC-610-56661,"Goyette, Bednar and Gerlach",(+353)705527277,Belfast,Shelton Slogrove,jcolbertson8z@comcast.net,Active
LE-123-29710,OP-814-63000,ACC-023-89077,Pfeffer LLC,(+353)000668268,Galway,Shaine Pere,cstoffels90@unicef.org,Active
LE-078-19428,OP-481-23880,ACC-367-48091,"Sipes, Keebler and McKenzie",(+353)147228267,Cork,Konrad Creelman,tchristofle91@behance.net,Active
LE-632-82817,OP-383-14743,ACC-327-45558,"Hilll, Lubowitz and Hane",(+353)479283049,Belfast,Lotte Ascraft,mriddall92@wired.com,Active
LE-393-60499,OP-991-59170,ACC-585-44600,Ryan and Sons,(+353)795414770,Dublin,Herb Laye,mbilverstone93@ucsd.edu,Active
LE-219-13415,OP-831-85957,ACC-071-17823,Lesch LLC,(+353)912595348,Limerick,Ulrikaumeko Earwicker,sbudik94@cnet.com,Active
LE-232-08107,OP-395-89460,ACC-228-47395,Gusikowski and Sons,(+353)831500404,Belfast,Rachel Boldra,sfeavearyear95@blogspot.com,Active
LE-553-30814,OP-737-93862,ACC-386-07895,"Schumm, Doyle and Vandervort",(+353)281904618,Belfast,Camel Colman,lclabburn96@instagram.com,Active
LE-378-32398,OP-599-19877,ACC-562-92832,Frami Group,(+353)395662270,Dublin,Issy Liggins,jrayworth97@t.co,Active
LE-960-79717,OP-653-33630,ACC-476-74697,Mann Group,(+353)111128354,Belfast,Emmi Inglesfield,hharnes98@stanford.edu,Active
LE-741-60512,OP-703-42512,ACC-053-82941,Reichel-Goldner,(+353)661604562,Dublin,Tilda Dore,egannan99@dropbox.com,Active
LE-112-99543,OP-676-64764,ACC-469-25153,Satterfield-Corwin,(+353)916739963,Cork,Anselma Angus,zmorando9a@un.org,Active
LE-226-61995,OP-789-28595,ACC-854-61010,Krajcik-Bernier,(+353)796732734,Cork,Jaquith Yard,ocarter9b@trellian.com,Active
LE-792-12471,OP-665-27926,ACC-427-66812,"VonRueden, Bins and Bartell",(+353)781028866,Galway,Garvy Paulack,gcouzens9c@cbc.ca,Active
LE-237-93154,OP-803-93254,ACC-833-38624,Luettgen-Jacobi,(+353)162714001,Maynooth,Brandais Rossbrook,aebbotts9d@vistaprint.com,Active
LE-951-79137,OP-405-86316,ACC-527-29177,"Skiles, Harris and Lehner",(+353)345231034,Galway,Dulci Jurca,nmenis9e@google.nl,Active
LE-784-06591,OP-077-74029,ACC-024-57640,"Ullrich, Heidenreich and Kling",(+353)926593179,Galway,Alvinia Friar,rloudon9f@wikia.com,Active
LE-561-73849,OP-044-82740,ACC-529-05472,"Zboncak, Veum and Ritchie",(+353)461598612,Maynooth,Hillel Marrion,ssilversmid9g@addthis.com,Active
LE-756-87126,OP-054-11261,ACC-362-86382,"Kuhlman, Doyle and Olson",(+353)412538890,Limerick,Lanie Recher,eescoffier9h@whitehouse.gov,Active
LE-725-99191,OP-518-91526,ACC-862-79411,Boyer LLC,(+353)668330322,Cork,Gav Abell,cdran9i@disqus.com,Active
LE-161-90680,OP-191-10859,ACC-440-90457,"Beier, Tremblay and Jones",(+353)007477744,Limerick,Caralie Vairow,mhehnke9j@uol.com.br,Active
LE-278-66294,OP-508-47415,ACC-263-75722,"O'Keefe, Marvin and Ernser",(+353)798595644,Galway,Sandy Gorler,jbehnke9k@goo.ne.jp,Active
LE-518-85907,OP-595-07097,ACC-458-23903,Cartwright Group,(+353)727879160,Limerick,Fredek Heffer,mlong9l@hao123.com,Active
LE-995-51033,OP-987-92434,ACC-041-47019,Schroeder-Keebler,(+353)221735377,Galway,Ester Baud,jdemeza9m@netscape.com,Active
LE-950-87215,OP-849-26415,ACC-924-55232,Hand-Wunsch,(+353)358301129,Belfast,Ly Menchenton,rboggis9n@cpanel.net,Active
LE-135-33244,OP-260-44683,ACC-763-53637,"Effertz, Parker and Rice",(+353)060053122,Belfast,Montague Aldins,mhartwell9o@state.tx.us,Active
LE-414-69770,OP-375-43593,ACC-820-67031,Robel Inc,(+353)995843508,Limerick,Stephannie Winchcomb,cbelshaw9p@joomla.org,Active
LE-111-26725,OP-541-42797,ACC-996-94862,"Pouros, Windler and Runolfsdottir",(+353)339461947,Maynooth,Maris Eakly,mklimkowski9q@disqus.com,Active
LE-220-47943,OP-939-68671,ACC-610-76154,"Langosh, White and Balistreri",(+353)186380644,Cork,Hammad Handscombe,rolorenshaw9r@newyorker.com,Active
LE-787-59826,OP-819-92916,ACC-677-62992,Schmidt-Lockman,(+353)520107646,Limerick,Kissie Crossingham,etunnick9s@eventbrite.com,Active
LE-017-76234,OP-256-21664,ACC-800-50663,"Collins, Jast and Gerlach",(+353)567269860,Galway,Melonie Von Gladbach,mmorgen9t@webeden.co.uk,Active
LE-943-31255,OP-458-62046,ACC-196-77319,Jakubowski Inc,(+353)369014486,Dublin,Dinah McLafferty,akeysall9u@people.com.cn,Active
LE-585-13734,OP-736-17836,ACC-265-79769,Zboncak-Doyle,(+353)952532814,Maynooth,Dinny Arundale,dwhitcombe9v@arstechnica.com,Active
LE-054-45741,OP-115-61377,ACC-244-58792,"Heathcote, Hane and DuBuque",(+353)978162010,Belfast,Romeo Leed,mtixall9w@nymag.com,Active
LE-320-49149,OP-857-40345,ACC-721-17771,Ondricka Group,(+353)078141241,Belfast,Allan Husthwaite,mannand9x@ustream.tv,Active
LE-006-95037,OP-040-72684,ACC-085-93376,"McGlynn, Turcotte and Ernser",(+353)496165892,Cork,Frederique Rickerd,fcluett9y@barnesandnoble.com,Active
LE-366-64634,OP-932-62408,ACC-039-75668,"Runte, Abernathy and Macejkovic",(+353)886888619,Cork,Roseann Pahl,sskarin9z@liveinternet.ru,Active
LE-115-23672,OP-494-01942,ACC-023-54226,Spencer-Schowalter,(+353)917356024,Maynooth,Ninnette Davet,ewiggama0@chicagotribune.com,Active
LE-273-34546,OP-140-81320,ACC-212-09088,"Schmidt, Kling and Herman",(+353)695205316,Maynooth,Guy Cino,kclaraea1@example.com,Active
LE-685-97479,OP-492-06889,ACC-143-89902,"Armstrong, Barton and Nolan",(+353)386987345,Galway,Niels Killgus,kliepinsa2@jiathis.com,Active
LE-403-71985,OP-194-22163,ACC-201-52444,"Schmitt, Metz and Spencer",(+353)666898646,Maynooth,Sigismond Youtead,rphizackerlya3@princeton.edu,Active
LE-269-41586,OP-195-66980,ACC-480-74526,Blanda Inc,(+353)165442186,Cork,Elston Ianizzi,vtowsona4@reddit.com,Active
LE-758-87195,OP-096-53697,ACC-219-36481,Toy-Wunsch,(+353)844082164,Maynooth,Cathi Folke,ddurtnela5@netvibes.com,Active
LE-037-84591,OP-013-29599,ACC-953-65689,"Wilderman, Harber and Carroll",(+353)558788772,Limerick,Kristal Wilgar,dstallarda6@jigsy.com,Active
LE-865-06110,OP-471-97500,ACC-893-95872,"Dooley, Heaney and Haley",(+353)661303920,Belfast,Ami O'Gready,lpiesolda7@tinypic.com,Active
LE-729-97144,OP-282-79158,ACC-234-66146,Hermiston and Sons,(+353)860299313,Maynooth,Trudi Bedboro,amcgregora8@vinaora.com,Active
LE-097-43659,OP-263-46213,ACC-815-03111,"Dibbert, Larson and Shields",(+353)176817502,Belfast,Nobie Toland,mfearnilla9@last.fm,Active
LE-235-50778,OP-324-76196,ACC-076-80774,Jaskolski-Batz,(+353)536255357,Maynooth,Ebony Giampietro,mdimmeraa@angelfire.com,Active
LE-622-01667,OP-054-50495,ACC-866-48196,Nicolas and Sons,(+353)027012193,Belfast,Christen Lomond,bflarityab@pen.io,Active
LE-372-55541,OP-854-25793,ACC-543-78789,Walsh-Kuvalis,(+353)274894554,Dublin,Caldwell Gorgl,clambertoac@unc.edu,Active
LE-207-84539,OP-655-88134,ACC-740-22351,Hoppe Group,(+353)341718730,Dublin,Jeno Longforth,mfundellad@nba.com,Active
LE-215-67572,OP-177-34697,ACC-140-36073,Cummerata Inc,(+353)414274114,Maynooth,Loree Gladding,srockwillae@jalbum.net,Active
LE-470-33453,OP-968-62114,ACC-864-11620,Okuneva Inc,(+353)167365217,Dublin,Mort Davidovitch,ealdersleyaf@smugmug.com,Active
LE-828-14036,OP-129-31523,ACC-961-05665,Dickinson-Spinka,(+353)219589488,Cork,Guenevere McMahon,abiddlestoneag@engadget.com,Active
LE-940-43566,OP-468-57848,ACC-933-00205,Bayer-Gerlach,(+353)926483673,Belfast,Gav Jado,kmcnessah@microsoft.com,Active
LE-975-28831,OP-831-72048,ACC-692-33898,"Fadel, Schneider and Stanton",(+353)252404538,Galway,Odelinda Antoniottii,cdemkoai@google.fr,Active
LE-796-91760,OP-685-58007,ACC-078-89955,Bernier-Hickle,(+353)810920866,Belfast,Kirstyn Matissoff,dtrevascusaj@nationalgeographic.com,Active
LE-547-96308,OP-638-34664,ACC-818-05834,Auer-Torphy,(+353)925606734,Belfast,Vivie Stiegers,achildak@google.nl,Active
LE-701-38829,OP-218-09915,ACC-449-68815,Willms-Zulauf,(+353)693670780,Limerick,Poul Tolland,acallabyal@cargocollective.com,Active
LE-974-11755,OP-403-26120,ACC-239-46869,Yundt Inc,(+353)821756131,Limerick,Lorne Courteney,lmawbyam@psu.edu,Active
LE-890-52166,OP-245-86792,ACC-127-16244,Doyle-Graham,(+353)800391589,Galway,Jeanine Vardie,lsirettan@liveinternet.ru,Active
LE-353-86143,OP-564-27161,ACC-353-70023,"Luettgen, Blick and Wisozk",(+353)295483009,Belfast,Carny Marzelo,dmalecao@ted.com,Active
LE-759-14079,OP-375-52143,ACC-905-77316,"Schaden, Marquardt and Beer",(+353)262549053,Dublin,Elmira Escalera,rmurdyap@vinaora.com,Active
LE-230-66133,OP-216-35719,ACC-641-08670,Kuvalis-Miller,(+353)516679875,Belfast,Harwilll Flexman,rleblondaq@mail.ru,Active
LE-491-08873,OP-744-89003,ACC-403-19755,"McCullough, Homenick and Wunsch",(+353)236178610,Belfast,Spence Tourry,zbulstrodear@simplemachines.org,Active
LE-756-77243,OP-844-00699,ACC-512-57163,"Bogan, Okuneva and Romaguera",(+353)250547836,Dublin,Jacquelyn Ralston,spaszakas@issuu.com,Active
LE-685-60300,OP-691-02827,ACC-436-58718,Wiegand LLC,(+353)201913875,Belfast,Ola Dusting,fstanilandat@ning.com,Active
LE-025-46956,OP-701-87174,ACC-421-07745,Hegmann-Bahringer,(+353)563018511,Limerick,Mose Lopes,cruggsau@umn.edu,Active
LE-676-32019,OP-926-85082,ACC-293-45157,Welch-Lebsack,(+353)847193497,Maynooth,Willette Hillen,cjeffcoateav@bloomberg.com,Active
LE-504-52390,OP-988-63050,ACC-268-11903,Klocko-Bradtke,(+353)546472405,Dublin,Renee Glew,pfinlanaw@symantec.com,Active
LE-008-63124,OP-388-54920,ACC-094-92715,Mayer-Sawayn,(+353)518272283,Galway,Katusha Lethlay,brumgayax@businessweek.com,Active
LE-606-75568,OP-208-56270,ACC-741-80905,"Deckow, Hauck and Wilderman",(+353)495105107,Limerick,Ogdon Hambrook,mmclellanay@wsj.com,Active
LE-125-41569,OP-666-93920,ACC-988-21609,Rosenbaum-Jerde,(+353)771147950,Belfast,Mayor I'anson,sgatenbyaz@mail.ru,Active
LE-389-05513,OP-481-68885,ACC-910-15249,Hahn-Feeney,(+353)111260693,Dublin,Kellby Pountney,hcastanerb0@usatoday.com,Active
LE-933-76255,OP-063-40849,ACC-515-54594,Hane-Kuhlman,(+353)667044297,Galway,Manny Brabham,bagentb1@constantcontact.com,Active
LE-830-01317,OP-541-85076,ACC-175-59050,Willms Group,(+353)235577158,Dublin,Jehu Kyston,msharplessb2@mlb.com,Active
LE-268-62879,OP-478-91611,ACC-054-86260,Kertzmann-Mraz,(+353)908465217,Dublin,Darin Extil,ecopnellb3@baidu.com,Active
