Lead_ID,Opp_ID,Account_ID,Order_ID,Email ID,Organisation,Revenue
LE-531-09903,OP-690-56387,ACC-318-79881,OR-804-96629,emorey0@list-manage.com,McCullough Inc,5809
LE-507-46106,OP-826-82955,ACC-530-89290,OR-521-57734,rperott1@imgur.com,Weber Group,2394
LE-479-49953,OP-708-56841,ACC-945-71791,OR-578-90031,cdumini2@rambler.ru,O'Keefe LLC,7054
LE-554-97497,OP-173-54718,ACC-891-53789,OR-979-60521,bcastellaccio3@ucsd.edu,"McDermott, Bahringer and Gislason",4893
LE-054-33465,OP-492-77499,ACC-135-37146,OR-694-15824,kbehagg4@xing.com,Wehner Inc,1655
LE-538-14152,OP-020-80167,ACC-566-68634,OR-529-95986,lbevens5@ucsd.edu,Feil Group,5009
LE-452-27589,OP-925-72989,ACC-729-20501,OR-157-35749,nlukasik6@vimeo.com,Ernser and Sons,5952
LE-201-26087,OP-262-81966,ACC-732-58728,OR-842-57167,waddy7@weebly.com,"Bogisich, Langosh and Walter",4775
LE-340-71737,OP-419-90171,ACC-837-08201,OR-029-43213,lbendle8@blogs.com,Marvin-Keebler,4935
LE-184-60823,OP-171-53545,ACC-369-77973,OR-002-04651,urumgay9@istockphoto.com,Homenick Group,5985
LE-365-34728,OP-194-86664,ACC-415-62594,OR-989-28938,jgalpina@lycos.com,Boyer-Frami,7108
LE-920-65471,OP-885-73596,ACC-631-57409,OR-219-65225,tjandlb@surveymonkey.com,Fay-Lueilwitz,5380
LE-169-04046,OP-372-58981,ACC-057-02482,OR-367-51248,clicencec@nasa.gov,"O'Kon, Hackett and Legros",5485
LE-952-74716,OP-687-67970,ACC-987-68816,OR-276-75175,drohlfsd@forbes.com,Emmerich-Smitham,8056
LE-856-96192,OP-108-91685,ACC-118-78067,OR-665-77394,mbushere@com.com,Mertz-Huels,7275
LE-665-99388,OP-030-66102,ACC-127-62190,OR-882-58139,crubinlichtf@discuz.net,Lockman Inc,7470
LE-316-29541,OP-694-93253,ACC-038-47975,OR-796-49361,adeavesg@fastcompany.com,"Stoltenberg, Pacocha and Brekke",3880
LE-995-06192,OP-173-03446,ACC-112-25161,OR-837-76771,mmarlowh@nydailynews.com,"Hane, Feeney and Herzog",8158
LE-310-72978,OP-631-21449,ACC-757-35507,OR-694-47546,rcarmonti@google.fr,Larson LLC,8017
LE-689-85994,OP-036-12333,ACC-336-37337,OR-747-76788,ksnelgrovej@jalbum.net,Fisher LLC,10625
LE-660-83151,OP-608-83560,ACC-126-85056,OR-202-53796,cbucherk@google.ca,"Grady, Kuphal and Kessler",7024
LE-109-03173,OP-632-68884,ACC-294-25438,OR-910-05883,dtumilityl@amazon.de,Fisher-Bartoletti,6811
LE-935-62365,OP-912-13615,ACC-772-09788,OR-948-45191,wbelshamm@squidoo.com,Ortiz LLC,3468
LE-791-15984,OP-726-85494,ACC-637-44337,OR-350-61534,emackereln@ucoz.ru,Moen-Kuvalis,4434
LE-153-50281,OP-584-64719,ACC-240-04750,OR-492-83902,fdegregorioo@sohu.com,"Mills, Bernier and Nienow",6129
LE-942-45831,OP-376-52470,ACC-871-50978,OR-337-55529,agoodhallp@sun.com,"Mayert, Heidenreich and Von",6762
LE-939-39135,OP-979-48253,ACC-371-89211,OR-252-26744,rvalderq@clickbank.net,Kautzer-Ferry,5332
LE-067-99135,OP-501-03353,ACC-991-26563,OR-951-34284,adominichellir@buzzfeed.com,Hyatt LLC,10300
LE-167-36851,OP-579-68574,ACC-613-42657,OR-876-01575,jlivingstons@wikispaces.com,"Rogahn, Gottlieb and Bernier",3498
LE-774-20582,OP-909-42448,ACC-636-78381,OR-904-92155,ageekiet@buzzfeed.com,Kuhlman LLC,8696
LE-602-62064,OP-402-67681,ACC-874-22890,OR-495-06463,sdobbinsu@unc.edu,Veum-Kunze,8400
LE-301-53723,OP-849-26212,ACC-571-62800,OR-833-36017,dhalloranv@ca.gov,"Bashirian, Nader and Johnston",5389
LE-867-84638,OP-921-60481,ACC-138-80430,OR-992-76791,escourfieldw@homestead.com,"Breitenberg, Bednar and Mitchell",6960
LE-308-65296,OP-231-33514,ACC-197-11803,OR-363-86035,fbernotx@icq.com,Kirlin and Sons,6875
LE-899-55733,OP-349-35719,ACC-590-74776,OR-154-58401,btremmely@state.gov,Luettgen-Cruickshank,7546
LE-079-08583,OP-893-16960,ACC-682-43471,OR-022-32554,lmuxworthyz@ifeng.com,"Runolfsdottir, Lind and Roberts",5776
LE-647-86404,OP-076-49401,ACC-447-14776,OR-723-53407,vtheseira10@1und1.de,Quitzon-Blanda,6665
LE-856-41325,OP-666-97724,ACC-031-24088,OR-598-93033,jbynold11@ox.ac.uk,Hand Inc,4332
LE-636-40511,OP-341-28355,ACC-392-52451,OR-163-33736,sbanasevich12@elpais.com,Hane Inc,8451
LE-806-34670,OP-566-01055,ACC-910-58442,OR-527-16202,eaddlestone13@prweb.com,Shanahan-Senger,8233
LE-497-01919,OP-270-17803,ACC-452-83445,OR-708-00626,cprothero14@virginia.edu,"Mayert, Mills and Langosh",6288
LE-152-60786,OP-866-42160,ACC-987-08123,OR-908-80822,acostard15@booking.com,"Botsford, Nolan and Pouros",9306
LE-421-28694,OP-813-89802,ACC-041-95604,OR-889-31932,bhoulston16@360.cn,"Cruickshank, Bauch and Cummings",4859
LE-514-52971,OP-149-84860,ACC-347-00665,OR-386-67968,ssutherden17@nytimes.com,Muller-O'Reilly,7820
LE-462-93759,OP-376-43953,ACC-076-63616,OR-784-62089,sseakin18@squarespace.com,"Koelpin, Prosacco and Donnelly",2975
LE-185-98997,OP-545-44110,ACC-163-49564,OR-582-90379,aclapshaw19@ow.ly,Jaskolski-Kulas,4267
LE-758-36366,OP-871-72251,ACC-662-75454,OR-179-77221,dleythley1a@redcross.org,Schimmel-DuBuque,5409
LE-611-37778,OP-405-26114,ACC-402-08138,OR-134-84620,mhickenbottom1b@guardian.co.uk,"Weimann, Anderson and Collins",1381
LE-980-06089,OP-535-96025,ACC-343-54540,OR-369-01914,npayze1c@cpanel.net,Bergnaum Inc,7130
LE-517-46372,OP-601-84308,ACC-458-53009,OR-892-39156,mduchart1d@tuttocitta.it,Bergnaum and Sons,6927
LE-846-71792,OP-520-52554,ACC-023-80750,OR-836-06273,rorwin1e@salon.com,"Hauck, Cormier and Schuster",4062
LE-225-66344,OP-569-03254,ACC-428-93427,OR-620-14608,khuyton1f@cyberchimps.com,O'Hara Group,5926
LE-138-31757,OP-249-91559,ACC-364-46167,OR-352-53761,egough1g@slate.com,"Cummings, Marks and Durgan",7494
LE-719-09113,OP-950-09527,ACC-102-54373,OR-196-64846,hwiggin1h@cam.ac.uk,"Williamson, Jast and Mueller",3921
LE-371-44002,OP-907-70019,ACC-115-73402,OR-368-78533,ldomesday1i@businesswire.com,Trantow-Conn,5402
LE-773-95651,OP-170-48424,ACC-820-34996,OR-079-69826,drosin1j@infoseek.co.jp,Collier LLC,6824
LE-025-79369,OP-033-13922,ACC-668-22539,OR-803-46635,mprice1k@army.mil,Bednar Inc,4102
LE-285-51112,OP-522-14562,ACC-521-61716,OR-748-49727,kdinnis1l@csmonitor.com,Heathcote Inc,3028
LE-012-82159,OP-421-02594,ACC-782-70646,OR-915-29653,scutchee1m@symantec.com,Lemke-Tromp,8012
LE-385-28694,OP-687-70767,ACC-290-31865,OR-638-07598,bposnett1n@google.com,Cruickshank Inc,8617
LE-191-80671,OP-021-02587,ACC-761-17714,OR-319-10273,ablockley1o@prweb.com,Schaefer-Rolfson,6344
LE-787-16582,OP-852-36363,ACC-226-22607,OR-337-60712,dwylam1p@microsoft.com,"Kuhic, Monahan and Champlin",5814
LE-883-02853,OP-471-75246,ACC-000-51871,OR-864-81388,nscandred1q@ustream.tv,"Kling, Kuhic and O'Hara",9080
LE-864-84374,OP-678-14038,ACC-309-32164,OR-160-14419,icottam1r@wired.com,Kub LLC,4630
LE-552-71854,OP-097-52407,ACC-440-34133,OR-139-98403,njoll1s@forbes.com,Runolfsdottir-Walker,7711
LE-607-31477,OP-420-27907,ACC-889-98787,OR-923-43847,mbenediktovich1t@ox.ac.uk,"Walker, Zulauf and White",9508
LE-398-63646,OP-246-90266,ACC-350-83199,OR-191-76890,rpithie1u@webs.com,Bechtelar-Jacobs,5804
LE-008-37816,OP-818-20380,ACC-902-63804,OR-538-30942,hservice1v@godaddy.com,Batz-Kling,4459
LE-104-71028,OP-192-49752,ACC-524-99488,OR-270-20449,aloveitt1w@abc.net.au,"Kessler, Goodwin and Keebler",10523
LE-102-46582,OP-934-77714,ACC-133-87173,OR-193-88978,sroiz1x@japanpost.jp,"Runolfsson, Lesch and Kuhic",8955
LE-244-20585,OP-262-79575,ACC-108-50466,OR-142-65535,aroxby1y@sbwire.com,"Halvorson, Connelly and Fadel",2916
LE-366-42468,OP-941-91426,ACC-141-83324,OR-597-75620,bklaiser1z@ning.com,Ferry Group,8034
LE-318-78380,OP-224-41545,ACC-047-82398,OR-429-77784,rhearns20@nbcnews.com,"Yost, Parker and Sauer",4841
LE-994-50609,OP-130-14851,ACC-841-37977,OR-153-24456,fhousaman21@miitbeian.gov.cn,"Stracke, Lebsack and Emard",10589
LE-607-15787,OP-303-20816,ACC-829-69928,OR-943-73308,rtickner22@blogtalkradio.com,Heidenreich-Dooley,4956
LE-104-33746,OP-223-42253,ACC-859-43633,OR-707-32401,dskullet23@youtu.be,Morissette-Zulauf,8514
LE-858-99866,OP-895-88874,ACC-279-60669,OR-126-00458,mbrockwell24@prlog.org,Howell-Deckow,9228
LE-539-15992,OP-596-32927,ACC-800-84094,OR-691-07457,fhruska25@irs.gov,Oberbrunner Group,4820
LE-490-02525,OP-370-23410,ACC-108-92243,OR-453-88517,jdomingues26@marriott.com,Pfannerstill-Braun,6709
LE-832-79922,OP-247-00436,ACC-600-21413,OR-051-65235,tborborough27@homestead.com,Robel-Robel,5195
LE-186-68944,OP-572-90997,ACC-343-63497,OR-945-97199,zstroobant28@behance.net,Lind Inc,8405
LE-411-16381,OP-028-51736,ACC-432-57938,OR-141-71005,kdoll29@nbcnews.com,"Hirthe, Stark and Littel",6637
LE-956-09005,OP-692-20004,ACC-934-48543,OR-150-06645,fallam2a@mac.com,"Dietrich, Jacobs and Hammes",3109
LE-924-52313,OP-273-96912,ACC-096-17599,OR-759-75460,ymeco2b@smh.com.au,Dicki-Dietrich,9021
LE-871-08106,OP-125-84672,ACC-688-71001,OR-975-71961,tbatchley2c@nifty.com,"Weimann, VonRueden and Watsica",4898
LE-751-02109,OP-511-81669,ACC-873-45500,OR-217-54709,avernall2d@spiegel.de,Legros-Abshire,7906
LE-050-82698,OP-034-96570,ACC-475-04765,OR-630-38706,abischop2e@ezinearticles.com,Kirlin-Aufderhar,7551
LE-960-03569,OP-705-33721,ACC-620-29488,OR-911-50645,drulf2f@chronoengine.com,"Dicki, Heidenreich and O'Kon",9235
LE-693-10180,OP-232-43667,ACC-149-05873,OR-159-07871,pwohler2g@typepad.com,Koepp-Leuschke,4913
LE-365-08185,OP-179-16955,ACC-578-25479,OR-928-02036,jflowith2h@list-manage.com,"Stamm, Hammes and Wiza",9489
LE-100-91989,OP-592-51272,ACC-090-75868,OR-078-64234,lglewe2i@squidoo.com,Gulgowski-Mitchell,9760
LE-652-34679,OP-984-84233,ACC-718-36152,OR-186-57096,hcharnley2j@furl.net,"Walker, Hyatt and Kuhn",1723
LE-457-15409,OP-745-19466,ACC-665-04672,OR-893-99056,ibartholin2k@imgur.com,Powlowski and Sons,8966
LE-324-73290,OP-504-81845,ACC-447-62992,OR-960-13153,chabben2l@twitpic.com,Powlowski-Kemmer,5061
LE-254-25022,OP-736-72920,ACC-131-46861,OR-385-22706,lposen2m@ask.com,Lesch-Dicki,8872
LE-317-94944,OP-638-01812,ACC-095-07034,OR-030-56867,cmorphey2n@cisco.com,Erdman Inc,2935
LE-321-97158,OP-331-53428,ACC-104-48828,OR-608-07536,dmaccome2o@blogtalkradio.com,"Okuneva, Considine and Schulist",1673
LE-811-93960,OP-874-46255,ACC-689-63973,OR-663-83179,nlivingstone2p@exblog.jp,Collins Group,4193
LE-671-16658,OP-254-52523,ACC-151-59369,OR-202-31976,ncorbet2q@harvard.edu,Lang-Gleason,8563
LE-812-61739,OP-120-17566,ACC-003-40468,OR-523-48993,isawyers2r@mit.edu,Bruen-Kerluke,6609
LE-945-84905,OP-621-03200,ACC-476-56175,OR-361-60833,ifellis2s@blog.com,"Nikolaus, Brown and Harris",4385
LE-898-59258,OP-290-56969,ACC-319-38157,OR-446-42293,vbraybrook2t@myspace.com,Mosciski Inc,9816
LE-718-22061,OP-319-88999,ACC-786-41078,OR-150-52482,strudgion2u@chicagotribune.com,"Klocko, Ledner and Rogahn",6003
LE-240-47643,OP-976-80447,ACC-217-94221,OR-640-34535,dgrigaut2v@g.co,Gutmann-Cronin,2124
LE-702-54710,OP-908-60978,ACC-263-20893,OR-826-79233,roloinn2w@technorati.com,Lehner and Sons,8708
LE-068-98290,OP-113-29614,ACC-311-87034,OR-794-08787,mwickling2x@phoca.cz,"Miller, Schowalter and Mills",7209
LE-352-35679,OP-582-33533,ACC-943-17286,OR-303-40378,mkhalid2y@ftc.gov,Kunde-Leannon,6137
LE-438-10331,OP-727-99171,ACC-225-31763,OR-074-11102,aambrogio2z@answers.com,Hansen-Keeling,6673
LE-031-37559,OP-859-57821,ACC-454-22651,OR-029-20996,trymour30@dailymotion.com,Wiegand-Gulgowski,6944
LE-019-27082,OP-279-76063,ACC-385-99115,OR-296-70686,cadie31@over-blog.com,Littel Group,2383
LE-431-00056,OP-994-76650,ACC-564-50978,OR-565-86709,bbarwell32@adobe.com,"Borer, Bernier and Kuhn",6755
LE-518-25063,OP-053-10246,ACC-432-24632,OR-445-36476,dsnar33@fastcompany.com,"Feil, Wunsch and Trantow",3495
LE-301-58551,OP-523-54430,ACC-393-14864,OR-036-74922,vhatchette34@feedburner.com,Torphy-Daugherty,6354
LE-584-95314,OP-433-91473,ACC-199-94066,OR-648-24570,limmer35@slideshare.net,Bradtke-Zemlak,6214
LE-153-23584,OP-906-59917,ACC-913-38365,OR-634-71519,rforty36@slate.com,Cormier-Feil,8411
LE-658-90269,OP-050-34390,ACC-541-09830,OR-266-43726,dbabcock37@weebly.com,Ledner LLC,7788
LE-091-33874,OP-281-61684,ACC-995-58068,OR-712-22395,amartinello38@domainmarket.com,Schamberger Group,3641
LE-223-87214,OP-889-15838,ACC-237-60887,OR-754-59980,veastup39@issuu.com,Stark-Mueller,5577
LE-840-85629,OP-438-38899,ACC-594-72724,OR-301-69629,lgodsal3a@yahoo.co.jp,Krajcik LLC,5081
LE-804-88912,OP-409-36048,ACC-696-30885,OR-664-02698,gchatan3b@vinaora.com,Huels Group,6100
LE-964-95798,OP-966-03617,ACC-427-10376,OR-790-25073,aodoherty3c@ucoz.ru,Jacobi LLC,5206
LE-150-76479,OP-712-96490,ACC-304-59932,OR-516-23541,ssiddele3d@cbc.ca,Fisher LLC,2626
LE-214-47844,OP-977-81752,ACC-612-03026,OR-201-29620,lfort3e@blog.com,Wehner Group,2225
LE-035-89862,OP-867-70506,ACC-379-68877,OR-631-65500,dassaf3f@samsung.com,"Mertz, Kozey and Kemmer",3858
LE-220-78032,OP-093-91433,ACC-343-09216,OR-311-62775,kvanthoff3g@washington.edu,Schuppe-Weissnat,3393
LE-332-85271,OP-586-20925,ACC-479-49466,OR-830-74520,rsaynor3h@smugmug.com,"Stroman, Turner and Hermann",7878
LE-817-16549,OP-657-47134,ACC-302-15010,OR-507-86717,fkleinhandler3i@hubpages.com,"Grant, Becker and Stokes",5817
LE-038-56058,OP-752-32851,ACC-234-82915,OR-214-55806,dsherville3j@cdc.gov,Davis Inc,6097
LE-304-88910,OP-485-88888,ACC-075-78984,OR-126-41626,gjenney3k@skyrock.com,"Hayes, Jakubowski and Collins",4560
LE-600-71544,OP-240-11858,ACC-597-77059,OR-363-56755,lfleetham3l@printfriendly.com,Padberg Group,8508
LE-736-87322,OP-983-55667,ACC-039-02610,OR-140-06450,dhenryson3m@disqus.com,Willms LLC,4139
LE-127-53025,OP-457-42982,ACC-536-83154,OR-964-41122,sgowing3n@shutterfly.com,Harber Group,7862
LE-225-66557,OP-034-39194,ACC-061-65967,OR-820-42259,mambler3o@amazon.co.jp,"Waters, Bruen and Abshire",5924
LE-561-04263,OP-062-34897,ACC-281-42907,OR-009-45134,bspellworth3p@google.com.br,Jerde-Hamill,9105
LE-978-72476,OP-012-22887,ACC-604-87630,OR-197-76106,hschroder3q@tuttocitta.it,Haley and Sons,5516
LE-609-39599,OP-795-69502,ACC-860-78400,OR-308-64133,pdummigan3r@typepad.com,Reynolds LLC,6814
LE-596-55133,OP-017-83942,ACC-657-96576,OR-468-40370,abartolomeotti3s@ibm.com,"Zboncak, Kuhlman and Moore",7541
LE-212-26556,OP-759-21895,ACC-546-01757,OR-126-12596,wwebben3t@freewebs.com,Blick LLC,4664
LE-639-14405,OP-671-56027,ACC-408-51469,OR-077-03389,jdyerson3u@sfgate.com,Welch-Schmitt,7476
LE-099-61780,OP-240-01944,ACC-769-96088,OR-738-07725,mpitson3v@mac.com,"Hessel, Yundt and Larkin",6545
LE-623-26392,OP-877-00832,ACC-871-04852,OR-431-63915,imcgrah3w@usgs.gov,Becker-Larkin,9149
LE-316-05010,OP-530-72303,ACC-539-62143,OR-625-62316,alacotte3x@epa.gov,Boyer-Kilback,4880
LE-266-29459,OP-722-11632,ACC-979-19498,OR-294-71426,brobken3y@tinypic.com,Hessel and Sons,4488
LE-698-24865,OP-361-82012,ACC-121-89129,OR-281-20973,cbenner3z@bloglines.com,Dickinson and Sons,5027
LE-276-46820,OP-953-71107,ACC-666-21799,OR-563-60257,oformoy40@printfriendly.com,Fadel Group,7345
LE-333-92888,OP-686-30174,ACC-489-10686,OR-439-65810,saddington41@privacy.gov.au,"Fritsch, Cruickshank and Kuhn",5771
LE-390-38170,OP-592-68527,ACC-435-32054,OR-500-65415,ipennyman42@ucoz.ru,Eichmann-Nikolaus,4800
LE-297-02475,OP-354-30922,ACC-996-44236,OR-935-78336,dsockell43@meetup.com,Cremin Group,5469
LE-278-88578,OP-506-82339,ACC-352-20632,OR-986-14434,skermitt44@digg.com,"Bauch, Yundt and Kessler",4977
LE-371-84629,OP-543-41081,ACC-846-14273,OR-514-23076,mhamley45@amazonaws.com,Parisian-Kemmer,4898
LE-977-29743,OP-526-57049,ACC-897-55228,OR-361-47009,hduffil46@wunderground.com,Schiller Inc,11090
LE-764-24190,OP-380-62647,ACC-335-82923,OR-190-25333,bpontin47@is.gd,Huels Group,6717
LE-668-69340,OP-996-37123,ACC-667-51118,OR-016-16228,sjack48@microsoft.com,O'Hara LLC,6666
LE-560-77404,OP-661-74011,ACC-323-13293,OR-097-15335,idelavaletteparisot49@tuttocitta.it,"Mraz, Larkin and Schimmel",4634
LE-553-75914,OP-158-57239,ACC-897-14365,OR-365-35014,zyukhtin4a@youku.com,"Considine, Wiegand and Veum",6478
LE-387-20541,OP-481-56698,ACC-998-74626,OR-550-58068,emendus4b@360.cn,Cole-Mitchell,6267
LE-616-49491,OP-458-79906,ACC-014-95085,OR-787-96279,rgerrard4c@last.fm,"Schowalter, Quitzon and O'Keefe",5272
LE-762-78030,OP-618-22909,ACC-534-46163,OR-318-40266,stither4d@auda.org.au,"Jerde, Lueilwitz and Erdman",5561
LE-909-24389,OP-025-87809,ACC-606-98768,OR-966-63067,rdiboll4e@arizona.edu,"Jones, Steuber and Hermann",4786
LE-684-66235,OP-147-85821,ACC-130-59021,OR-269-90276,ngerge4f@symantec.com,Christiansen-Erdman,4862
LE-503-05331,OP-383-20715,ACC-938-67648,OR-655-97916,cmaiden4g@dell.com,Ortiz-Greenholt,4510
LE-935-87163,OP-137-34279,ACC-682-77521,OR-551-58953,vandreacci4h@smugmug.com,Nader Group,8119
LE-481-42792,OP-301-81674,ACC-547-58813,OR-734-63451,hdilkes4i@umn.edu,"Jakubowski, Volkman and Waters",7691
LE-496-85470,OP-445-49883,ACC-849-04227,OR-146-75910,pcollingridge4j@mediafire.com,Hauck LLC,6310
LE-669-83537,OP-360-23598,ACC-966-25395,OR-207-98136,obittany4k@moonfruit.com,Price LLC,7160
LE-963-93918,OP-144-31200,ACC-978-03592,OR-938-24017,msmallacombe4l@springer.com,"Jones, McCullough and Corkery",3714
LE-837-37479,OP-270-26380,ACC-608-80657,OR-428-25420,nbavage4m@reddit.com,"Dach, Ritchie and Lebsack",9289
LE-527-36225,OP-971-59519,ACC-001-97189,OR-777-86325,jjost4n@oaic.gov.au,"Paucek, Ferry and Rogahn",4040
LE-807-40147,OP-638-05304,ACC-763-18482,OR-759-65253,fmacteague4o@miibeian.gov.cn,O'Hara-Reinger,6650
LE-942-68813,OP-555-60262,ACC-199-22870,OR-856-07025,jmckibbin4p@ocn.ne.jp,Farrell-Homenick,2813
LE-692-07955,OP-704-57589,ACC-589-56441,OR-236-51404,nharme4q@timesonline.co.uk,"Schulist, Mohr and Windler",8321
LE-719-95819,OP-911-65114,ACC-355-48464,OR-801-90483,mpoyle4r@arstechnica.com,"West, Hermann and Tillman",7476
LE-861-65251,OP-082-45194,ACC-035-74205,OR-782-50556,btagg4s@accuweather.com,"Ryan, Rutherford and Mertz",6402
LE-480-99085,OP-262-53543,ACC-304-43230,OR-988-88738,echew4t@goodreads.com,Jerde Inc,7950
LE-497-41777,OP-121-04843,ACC-014-40146,OR-656-04806,msabberton4u@unc.edu,D'Amore-Abbott,6303
LE-470-75639,OP-325-50849,ACC-591-49016,OR-060-14175,sbolt4v@hp.com,Fritsch and Sons,3809
LE-702-40208,OP-764-60366,ACC-668-48512,OR-224-69606,ccapper4w@ibm.com,Predovic Group,9798
LE-833-59796,OP-678-21845,ACC-663-50367,OR-110-09222,cwalbrook4x@ca.gov,Miller and Sons,5511
LE-460-48800,OP-057-35214,ACC-913-44884,OR-888-03921,tdreier4y@indiatimes.com,Koch-Spencer,7310
LE-999-03292,OP-946-51043,ACC-939-82415,OR-601-29522,dcremen4z@redcross.org,Bode-Schultz,7350
LE-879-76599,OP-194-65746,ACC-084-97579,OR-823-48718,stzar50@xing.com,"Schulist, Gutkowski and Balistreri",4014
LE-057-92745,OP-014-09032,ACC-808-41401,OR-863-39119,jpollington51@shareasale.com,Nikolaus Inc,4894
LE-036-19023,OP-766-93042,ACC-775-93108,OR-243-32515,rupstone52@oaic.gov.au,"VonRueden, Kshlerin and Fadel",2888
LE-553-29773,OP-941-40394,ACC-677-64352,OR-864-53993,qdigg53@si.edu,Jakubowski LLC,4852
LE-748-81119,OP-754-96485,ACC-341-11160,OR-338-80372,ajosowitz54@cnn.com,Kovacek-Kling,4388
LE-546-31610,OP-836-12910,ACC-989-69514,OR-347-66926,gstreetfield55@yale.edu,Shanahan-Quitzon,7264
LE-483-38633,OP-957-28212,ACC-494-14084,OR-187-31821,mwickliffe56@google.nl,"Brakus, Haag and Johnson",6721
LE-550-44652,OP-677-99240,ACC-646-44893,OR-828-65504,baubry57@hostgator.com,"Kunze, Bednar and Anderson",4122
LE-203-72831,OP-252-33966,ACC-971-43752,OR-202-98831,gdeave58@wordpress.org,Abbott-Erdman,6498
LE-814-29930,OP-117-67149,ACC-427-95152,OR-466-10848,jflecknell59@ask.com,Gerlach-Stanton,2451
LE-748-84557,OP-796-82827,ACC-376-35647,OR-073-56381,bthwaites5a@prnewswire.com,Green-McKenzie,4532
LE-574-52848,OP-377-65142,ACC-510-50694,OR-438-29984,hperutto5b@omniture.com,Koelpin and Sons,2104
LE-264-91681,OP-142-15282,ACC-223-67812,OR-103-82751,cgolsthorp5c@boston.com,"Blanda, Jaskolski and Mann",6504
LE-622-95496,OP-611-69550,ACC-513-18962,OR-073-46326,lcornell5d@nyu.edu,White Inc,8436
LE-634-31757,OP-123-14906,ACC-180-19099,OR-893-18940,gsqueers5e@amazon.co.uk,McGlynn and Sons,7233
LE-794-34569,OP-104-15330,ACC-932-40335,OR-886-96814,dbidnall5f@macromedia.com,Farrell LLC,10073
LE-309-14022,OP-207-40062,ACC-290-38570,OR-176-94624,tspinetti5g@google.co.jp,"Strosin, Okuneva and Little",2486
LE-671-88372,OP-085-41303,ACC-311-62745,OR-432-46090,chackinge5h@samsung.com,Pollich and Sons,6193
LE-000-88881,OP-741-53613,ACC-860-27470,OR-578-76478,mrykert5i@japanpost.jp,Jaskolski-Stehr,2816
LE-692-18235,OP-276-71537,ACC-181-57588,OR-490-63091,hseago5j@china.com.cn,"Berge, Bogisich and Hayes",5334
LE-481-46564,OP-181-91162,ACC-726-14995,OR-059-44591,bdurrans5k@ibm.com,Schaefer LLC,4810
LE-474-63842,OP-006-79238,ACC-579-07823,OR-697-21523,alivingston5l@hostgator.com,Nolan-Gusikowski,3737
LE-630-15146,OP-029-42114,ACC-935-63481,OR-100-88452,kfrentz5m@nydailynews.com,"Dickinson, Yost and Bernhard",10127
LE-137-69306,OP-392-46345,ACC-227-72535,OR-424-95786,lwesgate5n@tinyurl.com,Hahn-Dietrich,2353
LE-561-78870,OP-225-26926,ACC-275-70154,OR-393-15511,ggensavage5o@youtu.be,Kshlerin-Stiedemann,3864
LE-946-29279,OP-114-90240,ACC-707-57213,OR-880-37024,bdemetz5p@edublogs.org,"Runolfsson, Parisian and Cronin",6285
LE-572-38998,OP-452-77289,ACC-094-74351,OR-580-49314,dshirley5q@studiopress.com,Boehm LLC,8208
LE-006-92091,OP-945-44597,ACC-169-09722,OR-642-71303,ldoughton5r@fastcompany.com,Stroman Inc,9138
LE-828-50373,OP-887-73399,ACC-636-73746,OR-437-58283,bhartwell5s@i2i.jp,Wilderman Inc,5226
LE-640-65528,OP-338-93140,ACC-911-86486,OR-512-28651,gmeardon5t@youku.com,"Baumbach, Johnston and Gutmann",7531
LE-614-21236,OP-775-82982,ACC-866-70050,OR-742-05090,apidgeon5u@fc2.com,"Breitenberg, Wyman and Kertzmann",9086
LE-103-26531,OP-183-98267,ACC-333-46079,OR-232-37937,gbaldinotti5v@mashable.com,Aufderhar-Bailey,6445
LE-013-25976,OP-470-61168,ACC-698-18378,OR-088-98598,aumbers5w@google.co.uk,Stiedemann Inc,6067
LE-590-90081,OP-945-80129,ACC-345-25440,OR-618-12554,ajollie5x@google.co.uk,Powlowski Group,3623
LE-726-86835,OP-661-74276,ACC-115-82900,OR-851-04484,gsabatini5y@linkedin.com,Jenkins Group,8206
LE-159-86105,OP-649-46334,ACC-044-01800,OR-091-40423,bgibbs5z@ucsd.edu,Reilly-Gleason,9335
LE-473-94748,OP-974-41632,ACC-966-50828,OR-811-76804,vmcgriffin60@lycos.com,Heidenreich-Bradtke,5828
LE-076-99445,OP-133-47155,ACC-243-53865,OR-017-43377,rcorcoran61@unc.edu,Hartmann Inc,6889
LE-181-48642,OP-160-93261,ACC-644-14340,OR-508-91508,ctitley62@creativecommons.org,Graham-Wintheiser,3039
LE-928-70075,OP-251-11692,ACC-969-80012,OR-131-74884,tromanet63@foxnews.com,"Haley, Larkin and Jakubowski",1662
LE-361-65011,OP-104-04914,ACC-207-41993,OR-026-15166,mzambon64@istockphoto.com,"Turner, Sipes and Lynch",5676
LE-686-85259,OP-513-12141,ACC-022-74331,OR-891-37135,pbuckland65@whitehouse.gov,DuBuque-Kassulke,6388
LE-052-02254,OP-620-63669,ACC-541-63038,OR-332-63311,adurker66@indiegogo.com,Walker-Greenholt,3885
LE-548-42790,OP-457-00317,ACC-160-06132,OR-948-73749,aemmatt67@dedecms.com,Zieme LLC,5587
LE-218-98604,OP-033-41011,ACC-490-19566,OR-963-04693,jduigenan68@jiathis.com,"Walker, Franecki and Fay",5342
LE-421-97847,OP-145-11740,ACC-388-16424,OR-351-84720,cknock69@shinystat.com,"Rosenbaum, Gislason and Feil",7713
LE-001-15679,OP-061-74349,ACC-719-76312,OR-804-93219,edesremedios6a@g.co,Treutel Group,8711
LE-219-12763,OP-718-11097,ACC-253-40586,OR-932-47965,skliement6b@admin.ch,Aufderhar Group,7381
LE-219-02970,OP-777-07351,ACC-959-89251,OR-358-62706,omcleary6c@ed.gov,McCullough Inc,7557
LE-129-76538,OP-872-16861,ACC-747-21964,OR-363-61347,edarlasson6d@ca.gov,Quitzon Group,7707
LE-230-50339,OP-925-77713,ACC-224-92167,OR-458-61764,toconnell6e@acquirethisname.com,"Rogahn, Blanda and Kuhn",6949
LE-438-97985,OP-552-24697,ACC-203-17005,OR-648-45344,svansalzberger6f@myspace.com,Langosh Group,9884
LE-849-01266,OP-209-73945,ACC-568-04611,OR-271-01037,sdechelette6g@foxnews.com,Greenholt-Orn,8249
LE-622-24895,OP-536-98325,ACC-821-65031,OR-010-09086,djozefczak6h@shutterfly.com,"Quitzon, Stoltenberg and Kassulke",4109
LE-230-64189,OP-144-38354,ACC-137-71009,OR-218-59422,kgrube6i@mashable.com,"McLaughlin, Mills and Sporer",6969
LE-282-57833,OP-023-34902,ACC-920-80797,OR-933-54232,wdecourcy6j@cdc.gov,Ritchie-Rodriguez,4567
LE-826-89985,OP-084-98493,ACC-645-63209,OR-720-89980,rficken6k@google.ca,Maggio-Powlowski,2935
LE-592-78011,OP-341-78294,ACC-712-66274,OR-120-96901,ldebruyne6l@nih.gov,Mayert-Jakubowski,7837
LE-788-63791,OP-975-40419,ACC-866-75302,OR-118-69132,ehoff6m@imdb.com,Ullrich Inc,5408
LE-597-38028,OP-389-50719,ACC-578-88503,OR-479-35471,awoodstock6n@tuttocitta.it,Pollich Inc,5399
LE-286-21183,OP-273-02561,ACC-929-61288,OR-128-15883,hbrugsma6o@ucoz.com,Ledner-King,7746
LE-690-38779,OP-799-68924,ACC-206-84126,OR-394-02661,rbrosoli6p@dailymotion.com,Lynch-Carter,1658
LE-534-06284,OP-315-30440,ACC-771-82333,OR-443-69764,dmasedon6q@wikispaces.com,Kerluke-Schmeler,6519
LE-877-35111,OP-042-99168,ACC-273-69984,OR-302-45749,emaudlen6r@google.co.jp,Howell and Sons,7705
LE-227-86297,OP-337-09276,ACC-427-34971,OR-587-97732,gkenninghan6s@usatoday.com,Keebler-Schimmel,6221
LE-081-89459,OP-585-84933,ACC-468-11098,OR-469-93488,dshieber6t@squidoo.com,"Pacocha, Daniel and Kozey",4208
LE-041-45846,OP-428-11030,ACC-931-50952,OR-845-26395,lreditt6u@cloudflare.com,"Jakubowski, Upton and Harris",3057
LE-896-74980,OP-910-75925,ACC-911-11423,OR-542-47519,ddumbarton6v@oracle.com,"Watsica, Hackett and Kshlerin",9893
LE-172-66244,OP-963-11622,ACC-802-04634,OR-651-96463,vcaras6w@themeforest.net,Kassulke-Kiehn,8444
LE-204-26449,OP-802-13550,ACC-791-48503,OR-193-26438,tgatiss6x@china.com.cn,"Treutel, Abshire and Hermann",2472
LE-754-26492,OP-646-61860,ACC-867-64150,OR-028-89120,jperez6y@t.co,Upton-Swift,8798
LE-076-14274,OP-543-99973,ACC-910-11318,OR-506-62488,cdalligan6z@dmoz.org,"Dibbert, Bruen and Connelly",3986
LE-281-63856,OP-907-82562,ACC-040-32714,OR-252-93110,jramalho70@mail.ru,"Hodkiewicz, Howe and Beahan",6306
LE-144-23173,OP-578-47886,ACC-745-65367,OR-382-32517,eknowlson71@mac.com,Corwin-Turner,2619
LE-326-89536,OP-330-00941,ACC-842-17479,OR-164-97502,mbysouth72@boston.com,"Farrell, Carter and Mueller",8505
LE-550-70575,OP-200-27666,ACC-272-55356,OR-261-73010,jgrombridge73@symantec.com,Windler Inc,3539
LE-917-63197,OP-171-94946,ACC-612-27613,OR-001-49744,bgerrett74@goo.gl,"Torphy, Ryan and Reichert",3526
LE-833-58331,OP-614-86868,ACC-215-56033,OR-564-94119,sogormally75@1und1.de,"Kuhn, Hermann and Wunsch",5251
LE-831-65681,OP-063-98162,ACC-408-42549,OR-156-15474,aborgnet76@time.com,"Fadel, Dicki and Lakin",2352
LE-428-56625,OP-082-36484,ACC-804-43432,OR-942-10995,rbondley77@slate.com,Dare Inc,6011
LE-079-20586,OP-907-15833,ACC-658-47967,OR-814-88825,bprestige78@vistaprint.com,Prosacco-Kreiger,7148
LE-762-08464,OP-902-46712,ACC-328-33647,OR-267-08558,cpossek79@omniture.com,"Langosh, Crist and Grant",1067
LE-056-39014,OP-835-96443,ACC-515-92311,OR-685-59249,pgouge7a@va.gov,Barton LLC,7569
LE-880-52170,OP-682-32822,ACC-588-97088,OR-572-86819,cmungan7b@shinystat.com,"Hagenes, McCullough and Schultz",9008
LE-301-69588,OP-398-76924,ACC-339-93326,OR-771-20242,clendon7c@salon.com,Mills LLC,5588
LE-836-25619,OP-812-05399,ACC-622-12495,OR-846-32505,lballintyne7d@newsvine.com,"Rippin, Jacobs and Gutmann",5789
LE-101-19610,OP-080-27507,ACC-103-46574,OR-618-03479,cgotcliff7e@eventbrite.com,"Miller, Reichert and Koch",8670
LE-868-53309,OP-056-62419,ACC-881-24883,OR-960-29228,ralflat7f@drupal.org,Dibbert-Daniel,7017
LE-639-08493,OP-577-15530,ACC-948-87685,OR-861-91489,cbarstowk7g@nps.gov,Beahan-Reynolds,6111
LE-351-85302,OP-539-77919,ACC-003-58915,OR-221-08893,ifound7h@de.vu,Hilpert-Cummings,6428
LE-583-13347,OP-318-72961,ACC-262-37113,OR-907-85276,cjanas7i@columbia.edu,Grant LLC,6976
LE-483-39777,OP-408-18009,ACC-944-43455,OR-982-25202,toliver7j@free.fr,Wintheiser-Von,6073
LE-217-73539,OP-336-01538,ACC-723-32732,OR-294-46230,lgillbe7k@reuters.com,"Ruecker, Roberts and Lubowitz",3797
LE-912-80247,OP-820-73950,ACC-686-15151,OR-317-96232,cgaynsford7l@loc.gov,"Hudson, Weissnat and Bernhard",3976
LE-841-67733,OP-256-96273,ACC-498-13967,OR-855-05865,klatham7m@macromedia.com,Herzog-Daniel,10121
LE-446-29334,OP-255-02717,ACC-908-50308,OR-267-46973,aarmatys7n@usda.gov,Collins and Sons,8977
LE-636-44446,OP-431-59530,ACC-222-81975,OR-111-55853,tforestall7o@sitemeter.com,Konopelski-Gutkowski,7897
LE-634-32897,OP-994-91297,ACC-508-73413,OR-181-16946,shandslip7p@jalbum.net,Gislason-Fadel,2617
LE-228-42352,OP-192-65522,ACC-374-37656,OR-496-90609,cvest7q@ezinearticles.com,Nikolaus Group,7034
LE-177-01282,OP-697-16070,ACC-397-16012,OR-219-94198,agiercke7r@zimbio.com,Kuhic-Beatty,3523
LE-413-14627,OP-131-31594,ACC-280-10310,OR-739-39200,omuscott7s@tumblr.com,DuBuque-Wisoky,8236
LE-005-63207,OP-021-33586,ACC-556-72268,OR-908-13742,titzkovwitch7t@springer.com,"Leuschke, Kuhlman and Bayer",5352
LE-852-08882,OP-606-29611,ACC-503-98401,OR-963-99473,lgalliard7u@chronoengine.com,Ziemann LLC,7938
LE-146-32245,OP-191-47981,ACC-147-94439,OR-873-09211,daldcorn7v@51.la,"Schulist, Cartwright and Kuvalis",3380
LE-992-21295,OP-642-14523,ACC-858-03363,OR-143-63271,wcorfield7w@utexas.edu,"Volkman, Skiles and Rodriguez",7772
LE-126-59127,OP-603-92036,ACC-140-16814,OR-637-74156,jalbisser7x@slideshare.net,Hyatt Group,4327
LE-322-00925,OP-059-90012,ACC-536-66840,OR-132-97705,cjochanany7y@nature.com,Feeney Inc,7011
LE-263-90589,OP-806-60450,ACC-751-29703,OR-217-50770,rspikins7z@wunderground.com,Hirthe Group,4627
LE-897-89636,OP-401-30237,ACC-006-59495,OR-545-47719,sgeraghty80@wiley.com,Ortiz LLC,2130
LE-222-57901,OP-997-75429,ACC-848-22428,OR-174-01837,cbulfoot81@dmoz.org,Kohler-Tillman,5065
LE-286-79794,OP-017-35248,ACC-151-80064,OR-862-42799,slennon82@1688.com,Mills and Sons,3721
LE-583-03061,OP-441-06005,ACC-788-82306,OR-700-52839,talmack83@prweb.com,"Fritsch, Emmerich and Glover",3057
LE-081-45871,OP-617-58981,ACC-047-15109,OR-314-46058,bdonohoe84@oakley.com,Nicolas-Harber,3151
LE-910-49316,OP-324-27142,ACC-494-36537,OR-648-96779,nolcot85@wordpress.com,Quigley Group,4606
LE-776-30741,OP-629-87731,ACC-786-42799,OR-798-52910,nnutten86@google.nl,"Schowalter, Dietrich and Waelchi",5521
LE-241-70420,OP-282-85104,ACC-560-56050,OR-231-75804,eboreland87@mediafire.com,Leffler Group,9270
LE-785-28507,OP-532-02086,ACC-187-96732,OR-423-45317,gvidgeon88@nasa.gov,Harvey-McDermott,8018
LE-348-34598,OP-936-15523,ACC-780-18731,OR-395-66446,gparram89@list-manage.com,Cummerata-Spencer,9165
LE-009-59375,OP-060-01170,ACC-278-66439,OR-166-73055,cjenkinson8a@wsj.com,Dibbert LLC,5642
LE-924-15033,OP-802-94939,ACC-205-19641,OR-291-19919,sdarycott8b@multiply.com,Grant-Kessler,7865
LE-842-59348,OP-770-71745,ACC-174-08169,OR-962-69880,borafferty8c@epa.gov,"Flatley, Hoppe and Herzog",7830
LE-188-00194,OP-763-79364,ACC-748-32176,OR-849-86102,rhendin8d@army.mil,"Beier, Parisian and Kertzmann",7400
LE-241-41231,OP-248-33774,ACC-745-52616,OR-816-90973,tthresher8e@msn.com,Simonis-Grimes,2458
LE-413-32095,OP-517-38446,ACC-160-62817,OR-792-41738,mhaville8f@google.com,"Runolfsson, Durgan and Hessel",8250
LE-336-96540,OP-754-13509,ACC-400-25558,OR-492-92398,gollive8g@nymag.com,Fritsch and Sons,8734
LE-130-57380,OP-662-74987,ACC-993-71440,OR-508-98727,ndunlap8h@php.net,Runte-Powlowski,2658
LE-925-71026,OP-058-27844,ACC-683-24336,OR-967-46893,lgiuron8i@wordpress.org,Oberbrunner and Sons,6774
LE-893-66929,OP-546-72183,ACC-123-67669,OR-365-32115,tfuzzey8j@comcast.net,Dickinson-Crist,4595
LE-448-71526,OP-921-68676,ACC-917-06425,OR-560-16546,khugh8k@webeden.co.uk,Aufderhar-Muller,10122
LE-622-49441,OP-184-99040,ACC-093-06300,OR-979-18328,mbourrel8l@geocities.com,Barton LLC,9144
LE-844-65603,OP-871-21844,ACC-257-08310,OR-829-47922,dwaddingham8m@imdb.com,Hoppe Group,7909
LE-394-46145,OP-541-12457,ACC-900-16485,OR-932-14492,iovett8n@virginia.edu,Schultz Group,4420
LE-266-62920,OP-628-61748,ACC-330-59988,OR-523-03819,nsumpter8o@illinois.edu,"Halvorson, Boyle and Kassulke",7799
LE-720-40673,OP-584-81194,ACC-350-13170,OR-157-67976,fsperring8p@slideshare.net,Stokes-Spinka,4603
LE-582-76394,OP-645-14189,ACC-215-57388,OR-768-51326,ppenman8q@nyu.edu,Sanford-Larkin,6063
LE-928-00727,OP-383-43268,ACC-244-90941,OR-920-33887,dkahler8r@statcounter.com,"Luettgen, Walter and Goyette",6518
LE-518-66619,OP-574-64110,ACC-347-34480,OR-798-67451,echewter8s@addthis.com,Rogahn-Koch,7319
LE-861-33509,OP-355-30268,ACC-262-82531,OR-278-02234,hkynson8t@freewebs.com,West Inc,7792
LE-033-08650,OP-005-20135,ACC-179-68104,OR-769-85278,znewens8u@unblog.fr,"Kuphal, Hackett and Welch",4896
LE-723-80560,OP-996-06475,ACC-051-02834,OR-186-82548,gmattosoff8v@princeton.edu,Wilderman-Larkin,2707
LE-664-33173,OP-377-13074,ACC-869-52909,OR-806-16422,bputson8w@mit.edu,Eichmann Inc,6889
LE-352-01285,OP-976-53445,ACC-021-68445,OR-892-30213,bslocum8x@salon.com,Gulgowski Group,5164
LE-305-19667,OP-625-78363,ACC-818-25170,OR-520-21246,dlinton8y@nyu.edu,Little and Sons,8685
LE-745-94901,OP-259-53598,ACC-690-44454,OR-903-97295,jcolbertson8z@comcast.net,"Goyette, Bednar and Gerlach",4000
LE-123-29710,OP-989-64079,ACC-216-12969,OR-888-71514,cstoffels90@unicef.org,Pfeffer LLC,7698
LE-078-19428,OP-435-68582,ACC-613-27326,OR-570-39229,tchristofle91@behance.net,"Sipes, Keebler and McKenzie",5947
LE-632-82817,OP-965-97339,ACC-193-08145,OR-397-66323,mriddall92@wired.com,"Hilll, Lubowitz and Hane",1156
LE-393-60499,OP-734-19177,ACC-163-91335,OR-007-30861,mbilverstone93@ucsd.edu,Ryan and Sons,4307
LE-219-13415,OP-041-82455,ACC-713-36586,OR-186-99983,sbudik94@cnet.com,Lesch LLC,7413
LE-232-08107,OP-039-57754,ACC-899-21432,OR-978-34455,sfeavearyear95@blogspot.com,Gusikowski and Sons,8059
LE-553-30814,OP-675-41695,ACC-721-31731,OR-284-80723,lclabburn96@instagram.com,"Schumm, Doyle and Vandervort",4367
LE-378-32398,OP-753-75286,ACC-369-99630,OR-872-93603,jrayworth97@t.co,Frami Group,7137
LE-960-79717,OP-455-66775,ACC-059-67506,OR-439-45692,hharnes98@stanford.edu,Mann Group,2774
LE-741-60512,OP-014-67059,ACC-047-26247,OR-575-34540,egannan99@dropbox.com,Reichel-Goldner,5318
LE-112-99543,OP-106-16643,ACC-213-43025,OR-887-57047,zmorando9a@un.org,Satterfield-Corwin,6665
LE-226-61995,OP-755-24393,ACC-236-57326,OR-894-68055,ocarter9b@trellian.com,Krajcik-Bernier,3933
LE-792-12471,OP-958-71744,ACC-699-67938,OR-552-31054,gcouzens9c@cbc.ca,"VonRueden, Bins and Bartell",5895
LE-237-93154,OP-162-12046,ACC-746-71450,OR-417-74456,aebbotts9d@vistaprint.com,Luettgen-Jacobi,7007
LE-951-79137,OP-938-49269,ACC-907-44462,OR-608-68854,nmenis9e@google.nl,"Skiles, Harris and Lehner",9509
LE-784-06591,OP-777-19795,ACC-213-62127,OR-400-36942,rloudon9f@wikia.com,"Ullrich, Heidenreich and Kling",6298
LE-561-73849,OP-492-25932,ACC-550-00150,OR-840-79677,ssilversmid9g@addthis.com,"Zboncak, Veum and Ritchie",7008
LE-756-87126,OP-634-72231,ACC-638-05072,OR-115-89903,eescoffier9h@whitehouse.gov,"Kuhlman, Doyle and Olson",3635
LE-725-99191,OP-827-53285,ACC-236-32257,OR-731-84338,cdran9i@disqus.com,Boyer LLC,2320
LE-161-90680,OP-224-00010,ACC-845-62889,OR-700-75072,mhehnke9j@uol.com.br,"Beier, Tremblay and Jones",6351
LE-278-66294,OP-831-85580,ACC-444-63652,OR-228-43332,jbehnke9k@goo.ne.jp,"O'Keefe, Marvin and Ernser",1790
LE-518-85907,OP-045-90859,ACC-098-22726,OR-118-80360,mlong9l@hao123.com,Cartwright Group,8629
LE-995-51033,OP-194-41089,ACC-264-75564,OR-902-87946,jdemeza9m@netscape.com,Schroeder-Keebler,7061
LE-950-87215,OP-488-28306,ACC-535-47726,OR-287-92031,rboggis9n@cpanel.net,Hand-Wunsch,3759
LE-135-33244,OP-643-87366,ACC-047-45361,OR-006-92714,mhartwell9o@state.tx.us,"Effertz, Parker and Rice",3958
LE-414-69770,OP-702-20777,ACC-761-18782,OR-160-89047,cbelshaw9p@joomla.org,Robel Inc,6449
LE-111-26725,OP-211-19089,ACC-699-42042,OR-518-94831,mklimkowski9q@disqus.com,"Pouros, Windler and Runolfsdottir",8783
LE-220-47943,OP-531-87387,ACC-450-85585,OR-957-17696,rolorenshaw9r@newyorker.com,"Langosh, White and Balistreri",7108
LE-787-59826,OP-477-97231,ACC-548-26553,OR-031-43992,etunnick9s@eventbrite.com,Schmidt-Lockman,3806
LE-017-76234,OP-009-03936,ACC-588-29126,OR-643-88768,mmorgen9t@webeden.co.uk,"Collins, Jast and Gerlach",9164
LE-943-31255,OP-923-49643,ACC-762-02147,OR-285-17574,akeysall9u@people.com.cn,Jakubowski Inc,7375
LE-585-13734,OP-805-80646,ACC-969-78400,OR-266-37718,dwhitcombe9v@arstechnica.com,Zboncak-Doyle,5234
LE-054-45741,OP-778-95498,ACC-663-99615,OR-557-60100,mtixall9w@nymag.com,"Heathcote, Hane and DuBuque",2901
LE-320-49149,OP-638-78876,ACC-012-19599,OR-990-00071,mannand9x@ustream.tv,Ondricka Group,7204
LE-006-95037,OP-696-08311,ACC-184-50332,OR-778-88339,fcluett9y@barnesandnoble.com,"McGlynn, Turcotte and Ernser",10570
LE-366-64634,OP-497-30543,ACC-594-53223,OR-907-44552,sskarin9z@liveinternet.ru,"Runte, Abernathy and Macejkovic",5377
LE-115-23672,OP-240-57103,ACC-852-26552,OR-261-44065,ewiggama0@chicagotribune.com,Spencer-Schowalter,4879
LE-273-34546,OP-305-65621,ACC-281-17678,OR-226-81836,kclaraea1@example.com,"Schmidt, Kling and Herman",3735
LE-685-97479,OP-717-22208,ACC-237-83693,OR-393-62266,kliepinsa2@jiathis.com,"Armstrong, Barton and Nolan",3419
LE-403-71985,OP-524-24835,ACC-868-08927,OR-305-51625,rphizackerlya3@princeton.edu,"Schmitt, Metz and Spencer",5765
LE-269-41586,OP-827-98212,ACC-314-23595,OR-270-43077,vtowsona4@reddit.com,Blanda Inc,3679
LE-758-87195,OP-115-89213,ACC-699-07371,OR-275-13434,ddurtnela5@netvibes.com,Toy-Wunsch,7551
LE-037-84591,OP-893-83212,ACC-371-38577,OR-241-33553,dstallarda6@jigsy.com,"Wilderman, Harber and Carroll",4365
LE-865-06110,OP-832-33331,ACC-449-81910,OR-182-41380,lpiesolda7@tinypic.com,"Dooley, Heaney and Haley",8971
LE-729-97144,OP-823-58954,ACC-637-19336,OR-421-33060,amcgregora8@vinaora.com,Hermiston and Sons,5664
LE-097-43659,OP-938-76394,ACC-586-36959,OR-500-42714,mfearnilla9@last.fm,"Dibbert, Larson and Shields",3498
LE-235-50778,OP-625-11845,ACC-097-31343,OR-301-55062,mdimmeraa@angelfire.com,Jaskolski-Batz,4677
LE-622-01667,OP-400-98601,ACC-008-76135,OR-867-95137,bflarityab@pen.io,Nicolas and Sons,5265
LE-372-55541,OP-233-51647,ACC-173-41043,OR-747-25162,clambertoac@unc.edu,Walsh-Kuvalis,5694
LE-207-84539,OP-468-37557,ACC-867-17430,OR-107-02672,mfundellad@nba.com,Hoppe Group,6101
LE-215-67572,OP-441-11168,ACC-038-17847,OR-130-70437,srockwillae@jalbum.net,Cummerata Inc,2672
LE-470-33453,OP-154-58186,ACC-911-41595,OR-593-85309,ealdersleyaf@smugmug.com,Okuneva Inc,3153
LE-828-14036,OP-795-67338,ACC-257-82972,OR-262-76217,abiddlestoneag@engadget.com,Dickinson-Spinka,7832
LE-940-43566,OP-373-89011,ACC-495-42644,OR-725-83064,kmcnessah@microsoft.com,Bayer-Gerlach,8708
LE-975-28831,OP-736-55170,ACC-926-52650,OR-660-46182,cdemkoai@google.fr,"Fadel, Schneider and Stanton",4940
LE-796-91760,OP-857-58045,ACC-257-50207,OR-784-50305,dtrevascusaj@nationalgeographic.com,Bernier-Hickle,
